Match_Id,Match_Date,Team_Name_Id,Opponent_Team_Id,Season_Id,Venue_Name,Toss_Winner_Id,Toss_Decision,IS_Superover,IS_Result,Is_DuckWorthLewis,Win_Type,Won_By,Match_Winner_Id,Man_Of_The_Match_Id,First_Umpire_Id,Second_Umpire_Id,City_Name,Host_Country,Team1_Name,Team1_Short_Code,Opponent_Team_Name,OpponentTeam_Short_Code,Season_Year,Orange_Cap_Id,Purple_Cap_Id,Man_of_the_Series_Id
335987,18-Apr-08,2,1,1,M Chinnaswamy Stadium,2,field,0,1,0,by runs,140.0,1.0,2.0,470,477,Bangalore,India,Royal Challengers Bangalore,RCB,Kolkata Knight Riders,KKR,2008,100,102,32
336008,3-May-08,4,1,1,"Punjab Cricket Association Stadium, Mohali",4,bat,0,1,0,by runs,9.0,4.0,29.0,476,514,Chandigarh,India,Kings XI Punjab,KXIP,Kolkata Knight Riders,KKR,2008,100,102,32
336026,16-May-08,7,1,1,Wankhede Stadium,7,field,0,1,0,by wickets,8.0,7.0,49.0,478,476,Mumbai,India,Mumbai Indians,MI,Kolkata Knight Riders,KKR,2008,100,102,32
336005,1-May-08,5,1,1,Sawai Mansingh Stadium,5,bat,0,1,0,by runs,45.0,5.0,101.0,477,512,Jaipur,India,Rajasthan Royals,RR,Kolkata Knight Riders,KKR,2008,100,102,32
336019,11-May-08,8,1,1,"Rajiv Gandhi International Stadium, Uppal",1,bat,0,1,0,by runs,23.0,1.0,1.0,475,492,Hyderabad,India,Deccan Chargers,DC,Kolkata Knight Riders,KKR,2008,100,102,32
335998,26-Apr-08,3,1,1,"MA Chidambaram Stadium, Chepauk",1,bat,0,1,0,by wickets,9.0,3.0,22.0,474,479,Chennai,India,Chennai Super Kings,CSK,Kolkata Knight Riders,KKR,2008,100,102,32
335997,26-Apr-08,2,5,1,M Chinnaswamy Stadium,5,field,0,1,0,by wickets,7.0,5.0,32.0,471,475,Bangalore,India,Royal Challengers Bangalore,RCB,Rajasthan Royals,RR,2008,100,102,32
336024,28-May-08,4,5,1,"Punjab Cricket Association Stadium, Mohali",5,field,0,1,0,by runs,41.0,4.0,100.0,473,486,Chandigarh,India,Kings XI Punjab,KXIP,Rajasthan Royals,RR,2008,100,102,32
335989,19-Apr-08,6,5,1,Feroz Shah Kotla,5,bat,0,1,0,by wickets,9.0,6.0,90.0,472,512,Delhi,India,Delhi Daredevils,DD,Rajasthan Royals,RR,2008,100,102,32
336043,30-May-08,6,5,1,Wankhede Stadium,6,field,0,1,0,by runs,105.0,5.0,32.0,474,477,Mumbai,India,Delhi Daredevils,DD,Rajasthan Royals,RR,2008,100,102,32
336013,7-May-08,7,5,1,Dr DY Patil Sports Academy,7,field,0,1,0,by wickets,7.0,7.0,73.0,476,477,Mumbai,India,Mumbai Indians,MI,Rajasthan Royals,RR,2008,100,102,32
336032,20-May-08,1,5,1,Eden Gardens,5,field,0,1,0,by wickets,6.0,5.0,31.0,480,477,Kolkata,India,Kolkata Knight Riders,KKR,Rajasthan Royals,RR,2008,100,102,32
335995,24-Apr-08,8,5,1,"Rajiv Gandhi International Stadium, Uppal",5,field,0,1,0,by wickets,3.0,5.0,31.0,470,471,Hyderabad,India,Deccan Chargers,DC,Rajasthan Royals,RR,2008,100,102,32
336038,24-May-08,3,5,1,"MA Chidambaram Stadium, Chepauk",5,bat,0,1,0,by runs,10.0,5.0,109.0,476,487,Chennai,India,Chennai Super Kings,CSK,Rajasthan Royals,RR,2008,100,102,32
336045,1-Jun-08,3,5,1,Dr DY Patil Sports Academy,5,field,0,1,0,by wickets,3.0,5.0,31.0,474,477,Mumbai,India,Chennai Super Kings,CSK,Rajasthan Royals,RR,2008,100,102,32
336001,28-Apr-08,2,3,1,M Chinnaswamy Stadium,3,bat,0,1,0,by runs,13.0,3.0,20.0,478,513,Bangalore,India,Royal Challengers Bangalore,RCB,Chennai Super Kings,CSK,2008,100,102,32
335988,19-Apr-08,4,3,1,"Punjab Cricket Association Stadium, Mohali",3,bat,0,1,0,by runs,33.0,3.0,19.0,471,487,Chandigarh,India,Kings XI Punjab,KXIP,Chennai Super Kings,CSK,2008,100,102,32
336014,8-May-08,6,3,1,Feroz Shah Kotla,3,field,0,1,0,by wickets,4.0,3.0,20.0,472,513,Delhi,India,Delhi Daredevils,DD,Chennai Super Kings,CSK,2008,100,102,32
336023,14-May-08,7,3,1,Wankhede Stadium,7,field,0,1,0,by wickets,9.0,7.0,44.0,478,492,Mumbai,India,Mumbai Indians,MI,Chennai Super Kings,CSK,2008,100,102,32
336030,18-May-08,1,3,1,Eden Gardens,1,bat,0,1,1,by runs,3.0,3.0,122.0,470,486,Kolkata,India,Kolkata Knight Riders,KKR,Chennai Super Kings,CSK,2008,100,102,32
336010,4-May-08,5,3,1,Sawai Mansingh Stadium,3,bat,0,1,0,by wickets,8.0,5.0,102.0,470,479,Jaipur,India,Rajasthan Royals,RR,Chennai Super Kings,CSK,2008,100,102,32
336042,27-May-08,8,3,1,"Rajiv Gandhi International Stadium, Uppal",8,bat,0,1,0,by wickets,7.0,3.0,21.0,480,492,Hyderabad,India,Deccan Chargers,DC,Chennai Super Kings,CSK,2008,100,102,32
336011,5-May-08,2,4,1,M Chinnaswamy Stadium,4,field,0,1,0,by wickets,6.0,4.0,77.0,473,478,Bangalore,India,Royal Challengers Bangalore,RCB,Kings XI Punjab,KXIP,2008,100,102,32
336027,17-May-08,6,4,1,Feroz Shah Kotla,6,bat,0,1,1,by runs,6.0,4.0,64.0,479,477,Delhi,India,Delhi Daredevils,DD,Kings XI Punjab,KXIP,2008,100,102,32
336033,21-May-08,7,4,1,Wankhede Stadium,7,field,0,1,0,by runs,1.0,4.0,100.0,474,512,Mumbai,India,Mumbai Indians,MI,Kings XI Punjab,KXIP,2008,100,102,32
336040,25-May-08,1,4,1,Eden Gardens,4,bat,0,1,0,by wickets,3.0,1.0,105.0,473,514,Kolkata,India,Kolkata Knight Riders,KKR,Kings XI Punjab,KXIP,2008,100,102,32
335992,21-Apr-08,5,4,1,Sawai Mansingh Stadium,4,bat,0,1,0,by wickets,6.0,5.0,32.0,472,513,Jaipur,India,Rajasthan Royals,RR,Kings XI Punjab,KXIP,2008,100,102,32
336004,1-May-08,8,4,1,"Rajiv Gandhi International Stadium, Uppal",4,field,0,1,0,by wickets,7.0,4.0,100.0,478,513,Hyderabad,India,Deccan Chargers,DC,Kings XI Punjab,KXIP,2008,100,102,32
336018,10-May-08,3,4,1,"MA Chidambaram Stadium, Chepauk",4,field,0,1,0,by runs,18.0,3.0,151.0,479,480,Chennai,India,Chennai Super Kings,CSK,Kings XI Punjab,KXIP,2008,100,102,32
336044,31-May-08,3,4,1,Wankhede Stadium,4,bat,0,1,0,by wickets,9.0,3.0,122.0,470,476,Mumbai,India,Chennai Super Kings,CSK,Kings XI Punjab,KXIP,2008,100,102,32
336017,28-May-08,2,7,1,M Chinnaswamy Stadium,7,field,0,1,0,by wickets,9.0,7.0,149.0,474,479,Bangalore,India,Royal Challengers Bangalore,RCB,Mumbai Indians,MI,2008,100,102,32
335996,25-Apr-08,4,7,1,"Punjab Cricket Association Stadium, Mohali",7,field,0,1,0,by runs,66.0,4.0,26.0,472,492,Chandigarh,India,Kings XI Punjab,KXIP,Mumbai Indians,MI,2008,100,102,32
336037,24-May-08,6,7,1,Feroz Shah Kotla,6,field,0,1,0,by wickets,5.0,6.0,88.0,474,486,Delhi,India,Delhi Daredevils,DD,Mumbai Indians,MI,2008,100,102,32
336002,29-Apr-08,1,7,1,Eden Gardens,1,bat,0,1,0,by wickets,7.0,7.0,44.0,474,479,Kolkata,India,Kolkata Knight Riders,KKR,Mumbai Indians,MI,2008,100,102,32
336041,26-May-08,5,7,1,Sawai Mansingh Stadium,5,field,0,1,0,by wickets,5.0,5.0,102.0,474,486,Jaipur,India,Rajasthan Royals,RR,Mumbai Indians,MI,2008,100,102,32
336029,18-May-08,8,7,1,"Rajiv Gandhi International Stadium, Uppal",8,field,0,1,0,by runs,25.0,7.0,71.0,478,476,Hyderabad,India,Deccan Chargers,DC,Mumbai Indians,MI,2008,100,102,32
335994,23-Apr-08,3,7,1,"MA Chidambaram Stadium, Chepauk",7,field,0,1,0,by runs,6.0,3.0,18.0,476,512,Chennai,India,Chennai Super Kings,CSK,Mumbai Indians,MI,2008,100,102,32
336031,19-May-08,2,6,1,M Chinnaswamy Stadium,6,field,0,1,0,by wickets,5.0,6.0,132.0,473,512,Bangalore,India,Royal Challengers Bangalore,RCB,Delhi Daredevils,DD,2008,100,102,32
336000,27-Apr-08,4,6,1,"Punjab Cricket Association Stadium, Mohali",6,bat,0,1,0,by wickets,4.0,4.0,28.0,477,514,Chandigarh,India,Kings XI Punjab,KXIP,Delhi Daredevils,DD,2008,100,102,32
336009,4-May-08,7,6,1,Dr DY Patil Sports Academy,6,field,0,1,0,by runs,29.0,7.0,49.0,475,477,Mumbai,India,Mumbai Indians,MI,Delhi Daredevils,DD,2008,100,102,32
336022,13-May-08,1,6,1,Eden Gardens,1,bat,0,1,0,by runs,23.0,1.0,144.0,470,475,Kolkata,India,Kolkata Knight Riders,KKR,Delhi Daredevils,DD,2008,100,102,32
336020,11-May-08,5,6,1,Sawai Mansingh Stadium,5,field,0,1,0,by wickets,3.0,5.0,32.0,473,477,Jaipur,India,Rajasthan Royals,RR,Delhi Daredevils,DD,2008,100,102,32
335993,22-Apr-08,8,6,1,"Rajiv Gandhi International Stadium, Uppal",8,bat,0,1,0,by wickets,9.0,6.0,41.0,475,492,Hyderabad,India,Deccan Chargers,DC,Delhi Daredevils,DD,2008,100,102,32
336006,2-May-08,3,6,1,"MA Chidambaram Stadium, Chepauk",3,bat,0,1,0,by wickets,8.0,6.0,41.0,474,486,Chennai,India,Chennai Super Kings,CSK,Delhi Daredevils,DD,2008,100,102,32
336039,3-May-08,2,8,1,M Chinnaswamy Stadium,8,field,0,1,0,by runs,3.0,2.0,14.0,478,487,Bangalore,India,Royal Challengers Bangalore,RCB,Deccan Chargers,DC,2008,100,102,32
336036,23-May-08,4,8,1,"Punjab Cricket Association Stadium, Mohali",4,field,0,1,0,by wickets,6.0,4.0,100.0,470,473,Chandigarh,India,Kings XI Punjab,KXIP,Deccan Chargers,DC,2008,100,102,32
336025,15-May-08,6,8,1,Feroz Shah Kotla,8,field,0,1,0,by runs,12.0,6.0,136.0,480,512,Delhi,India,Delhi Daredevils,DD,Deccan Chargers,DC,2008,100,102,32
335999,27-Apr-08,7,8,1,Dr DY Patil Sports Academy,8,field,0,1,0,by wickets,10.0,8.0,53.0,470,487,Mumbai,India,Mumbai Indians,MI,Deccan Chargers,DC,2008,100,102,32
335991,20-Apr-08,1,8,1,Eden Gardens,8,bat,0,1,0,by wickets,5.0,1.0,4.0,474,486,Kolkata,India,Kolkata Knight Riders,KKR,Deccan Chargers,DC,2008,100,102,32
336016,9-May-08,5,8,1,Sawai Mansingh Stadium,5,field,0,1,0,by wickets,8.0,5.0,31.0,471,492,Jaipur,India,Rajasthan Royals,RR,Deccan Chargers,DC,2008,100,102,32
336012,6-May-08,3,8,1,"MA Chidambaram Stadium, Chepauk",8,field,0,1,0,by wickets,7.0,8.0,53.0,471,513,Chennai,India,Chennai Super Kings,CSK,Deccan Chargers,DC,2008,100,102,32
336021,12-May-08,4,2,1,"Punjab Cricket Association Stadium, Mohali",2,bat,0,1,0,by wickets,9.0,4.0,100.0,478,514,Chandigarh,India,Kings XI Punjab,KXIP,Royal Challengers Bangalore,RCB,2008,100,102,32
336003,30-Apr-08,6,2,1,Feroz Shah Kotla,2,field,0,1,0,by runs,10.0,6.0,118.0,472,514,Delhi,India,Delhi Daredevils,DD,Royal Challengers Bangalore,RCB,2008,100,102,32
335990,20-Apr-08,7,2,1,Wankhede Stadium,7,bat,0,1,0,by wickets,5.0,2.0,11.0,473,476,Mumbai,India,Mumbai Indians,MI,Royal Challengers Bangalore,RCB,2008,100,102,32
336015,8-May-08,1,2,1,Eden Gardens,1,bat,0,1,0,by runs,5.0,1.0,1.0,470,475,Kolkata,India,Kolkata Knight Riders,KKR,Royal Challengers Bangalore,RCB,2008,100,102,32
336028,17-May-08,5,2,1,Sawai Mansingh Stadium,2,field,0,1,0,by runs,65.0,5.0,74.0,474,487,Jaipur,India,Rajasthan Royals,RR,Royal Challengers Bangalore,RCB,2008,100,102,32
336007,25-May-08,8,2,1,"Rajiv Gandhi International Stadium, Uppal",8,bat,0,1,0,by wickets,5.0,2.0,81.0,470,477,Hyderabad,India,Deccan Chargers,DC,Royal Challengers Bangalore,RCB,2008,100,102,32
336034,21-May-08,3,2,1,"MA Chidambaram Stadium, Chepauk",2,bat,0,1,0,by runs,14.0,2.0,124.0,476,514,Chennai,India,Chennai Super Kings,CSK,Royal Challengers Bangalore,RCB,2008,100,102,32
392204,29-Apr-09,2,1,2,Kingsmead,1,bat,0,1,0,by wickets,5.0,2.0,11.0,471,516,Durban,South Africa,Royal Challengers Bangalore,RCB,Kolkata Knight Riders,KKR,2009,18,61,53
392226,12-May-09,2,1,2,SuperSport Park,2,field,0,1,0,by wickets,6.0,2.0,52.0,481,485,Centurion,South Africa,Royal Challengers Bangalore,RCB,Kolkata Knight Riders,KKR,2009,18,61,53
392191,21-Apr-09,4,1,2,Kingsmead,1,field,0,1,1,by runs,11.0,1.0,162.0,476,515,Durban,South Africa,Kings XI Punjab,KXIP,Kolkata Knight Riders,KKR,2009,18,61,53
392212,3-May-09,4,1,2,St George's Park,1,bat,0,1,0,by wickets,6.0,4.0,64.0,483,471,Port Elizabeth,South Africa,Kings XI Punjab,KXIP,Kolkata Knight Riders,KKR,2009,18,61,53
392216,5-May-09,6,1,2,Kingsmead,1,bat,0,1,0,by wickets,9.0,6.0,40.0,484,475,Durban,South Africa,Delhi Daredevils,DD,Kolkata Knight Riders,KKR,2009,18,61,53
392224,10-May-09,6,1,2,New Wanderers Stadium,6,field,0,1,0,by wickets,7.0,6.0,136.0,487,513,Johannesburg,South Africa,Delhi Daredevils,DD,Kolkata Knight Riders,KKR,2009,18,61,53
392189,19-Apr-09,8,1,2,Newlands,1,bat,0,1,0,by wickets,8.0,8.0,61.0,471,478,Cape Town,South Africa,Deccan Chargers,DC,Kolkata Knight Riders,KKR,2009,18,61,53
392233,16-May-09,8,1,2,New Wanderers Stadium,8,field,0,1,0,by wickets,6.0,8.0,57.0,477,489,Johannesburg,South Africa,Deccan Chargers,DC,Kolkata Knight Riders,KKR,2009,18,61,53
392236,18-May-09,3,1,2,SuperSport Park,3,bat,0,1,0,by wickets,7.0,1.0,104.0,490,513,Centurion,South Africa,Chennai Super Kings,CSK,Kolkata Knight Riders,KKR,2009,18,61,53
392187,18-Apr-09,2,5,2,Newlands,2,bat,0,1,0,by runs,75.0,2.0,6.0,478,513,Cape Town,South Africa,Royal Challengers Bangalore,RCB,Rajasthan Royals,RR,2009,18,61,53
392218,7-May-09,2,5,2,SuperSport Park,5,field,0,1,0,by wickets,7.0,5.0,196.0,486,476,Centurion,South Africa,Royal Challengers Bangalore,RCB,Rajasthan Royals,RR,2009,18,61,53
392200,26-Apr-09,4,5,2,Newlands,4,bat,0,1,0,by runs,27.0,4.0,26.0,481,486,Cape Town,South Africa,Kings XI Punjab,KXIP,Rajasthan Royals,RR,2009,18,61,53
392215,5-May-09,4,5,2,Kingsmead,4,field,0,1,0,by runs,78.0,5.0,74.0,485,475,Durban,South Africa,Kings XI Punjab,KXIP,Rajasthan Royals,RR,2009,18,61,53
392203,28-Apr-09,6,5,2,SuperSport Park,6,bat,0,1,0,by wickets,5.0,5.0,31.0,484,477,Centurion,South Africa,Delhi Daredevils,DD,Rajasthan Royals,RR,2009,18,61,53
392235,17-May-09,6,5,2,OUTsurance Oval,6,bat,0,1,0,by runs,14.0,6.0,110.0,485,475,Bloemfontein,South Africa,Delhi Daredevils,DD,Rajasthan Royals,RR,2009,18,61,53
392230,14-May-09,7,5,2,Kingsmead,5,bat,0,1,0,by runs,2.0,5.0,38.0,478,476,Durban,South Africa,Mumbai Indians,MI,Rajasthan Royals,RR,2009,18,61,53
392195,23-Apr-09,1,5,2,Newlands,1,field,1,1,0,Tie,0,5.0,31.0,471,481,Cape Town,South Africa,Kolkata Knight Riders,KKR,Rajasthan Royals,RR,2009,18,61,53
392238,20-May-09,1,5,2,Kingsmead,1,field,0,1,0,by wickets,4.0,1.0,63.0,480,490,Durban,South Africa,Kolkata Knight Riders,KKR,Rajasthan Royals,RR,2009,18,61,53
392210,2-May-09,8,5,2,St George's Park,8,bat,0,1,0,by wickets,3.0,5.0,31.0,483,480,Port Elizabeth,South Africa,Deccan Chargers,DC,Rajasthan Royals,RR,2009,18,61,53
392225,11-May-09,8,5,2,De Beers Diamond Oval,8,bat,0,1,0,by runs,53.0,8.0,147.0,484,482,Kimberley,South Africa,Deccan Chargers,DC,Rajasthan Royals,RR,2009,18,61,53
392207,30-Apr-09,3,5,2,SuperSport Park,5,field,0,1,0,by runs,38.0,3.0,21.0,484,477,Centurion,South Africa,Chennai Super Kings,CSK,Rajasthan Royals,RR,2009,18,61,53
392222,9-May-09,3,5,2,De Beers Diamond Oval,5,bat,0,1,0,by wickets,7.0,3.0,23.0,484,482,Kimberley,South Africa,Chennai Super Kings,CSK,Rajasthan Royals,RR,2009,18,61,53
392190,20-Apr-09,2,3,2,St George's Park,3,bat,0,1,0,by runs,92.0,3.0,121.0,480,490,Port Elizabeth,South Africa,Royal Challengers Bangalore,RCB,Chennai Super Kings,CSK,2009,18,61,53
392229,14-May-09,2,3,2,Kingsmead,3,bat,0,1,0,by wickets,2.0,2.0,52.0,478,476,Durban,South Africa,Royal Challengers Bangalore,RCB,Chennai Super Kings,CSK,2009,18,61,53
392243,23-May-09,2,3,2,New Wanderers Stadium,2,field,0,1,0,by wickets,6.0,2.0,96.0,477,490,Johannesburg,South Africa,Royal Challengers Bangalore,RCB,Chennai Super Kings,CSK,2009,18,61,53
392196,24-Apr-09,2,4,2,Kingsmead,2,bat,0,1,0,by wickets,7.0,4.0,161.0,478,516,Durban,South Africa,Royal Challengers Bangalore,RCB,Kings XI Punjab,KXIP,2009,18,61,53
392209,1-May-09,2,4,2,Kingsmead,2,bat,0,1,0,by runs,8.0,2.0,27.0,482,489,Durban,South Africa,Royal Challengers Bangalore,RCB,Kings XI Punjab,KXIP,2009,18,61,53
392188,19-Apr-09,6,4,2,Newlands,6,field,0,1,1,by wickets,10.0,6.0,175.0,471,515,Cape Town,South Africa,Delhi Daredevils,DD,Kings XI Punjab,KXIP,2009,18,61,53
392231,15-May-09,6,4,2,OUTsurance Oval,4,field,0,1,0,by wickets,6.0,4.0,66.0,482,475,Bloemfontein,South Africa,Delhi Daredevils,DD,Kings XI Punjab,KXIP,2009,18,61,53
392221,9-May-09,8,4,2,De Beers Diamond Oval,4,field,0,1,0,by wickets,3.0,4.0,64.0,484,492,Kimberley,South Africa,Deccan Chargers,DC,Kings XI Punjab,KXIP,2009,18,61,53
392234,17-May-09,8,4,2,New Wanderers Stadium,8,field,0,1,0,by runs,1.0,4.0,27.0,489,513,Johannesburg,South Africa,Deccan Chargers,DC,Kings XI Punjab,KXIP,2009,18,61,53
392219,7-May-09,3,4,2,SuperSport Park,3,bat,0,1,1,by runs,12.0,3.0,18.0,476,516,Centurion,South Africa,Chennai Super Kings,CSK,Kings XI Punjab,KXIP,2009,18,61,53
392239,20-May-09,3,4,2,Kingsmead,3,bat,0,1,0,by runs,24.0,3.0,121.0,480,490,Durban,South Africa,Chennai Super Kings,CSK,Kings XI Punjab,KXIP,2009,18,61,53
392213,3-May-09,2,7,2,New Wanderers Stadium,7,bat,0,1,0,by wickets,9.0,2.0,9.0,477,516,Johannesburg,South Africa,Royal Challengers Bangalore,RCB,Mumbai Indians,MI,2009,18,61,53
392223,10-May-09,2,7,2,St George's Park,7,bat,0,1,0,by runs,16.0,7.0,154.0,478,480,Port Elizabeth,South Africa,Royal Challengers Bangalore,RCB,Mumbai Indians,MI,2009,18,61,53
392205,29-Apr-09,4,7,2,Kingsmead,4,bat,0,1,0,by runs,3.0,4.0,26.0,471,487,Durban,South Africa,Kings XI Punjab,KXIP,Mumbai Indians,MI,2009,18,61,53
392227,12-May-09,4,7,2,SuperSport Park,4,bat,0,1,0,by wickets,8.0,7.0,50.0,485,477,Centurion,South Africa,Kings XI Punjab,KXIP,Mumbai Indians,MI,2009,18,61,53
392220,8-May-09,6,7,2,Buffalo Park,7,bat,0,1,0,by wickets,7.0,6.0,73.0,481,488,East London,South Africa,Delhi Daredevils,DD,Mumbai Indians,MI,2009,18,61,53
392240,21-May-09,6,7,2,SuperSport Park,6,field,0,1,0,by wickets,4.0,6.0,41.0,475,489,Centurion,South Africa,Delhi Daredevils,DD,Mumbai Indians,MI,2009,18,61,53
392202,27-Apr-09,1,7,2,St George's Park,7,bat,0,1,0,by runs,92.0,7.0,133.0,480,513,Port Elizabeth,South Africa,Kolkata Knight Riders,KKR,Mumbai Indians,MI,2009,18,61,53
392208,1-May-09,1,7,2,Buffalo Park,7,bat,0,1,0,by runs,9.0,7.0,154.0,481,488,East London,South Africa,Kolkata Knight Riders,KKR,Mumbai Indians,MI,2009,18,61,53
392197,25-Apr-09,8,7,2,Kingsmead,8,bat,0,1,0,by runs,12.0,8.0,131.0,482,490,Durban,South Africa,Deccan Chargers,DC,Mumbai Indians,MI,2009,18,61,53
392217,6-May-09,8,7,2,SuperSport Park,8,bat,0,1,0,by runs,19.0,8.0,57.0,471,482,Centurion,South Africa,Deccan Chargers,DC,Mumbai Indians,MI,2009,18,61,53
392186,18-Apr-09,3,7,2,Newlands,3,field,0,1,0,by runs,19.0,7.0,133.0,478,486,Cape Town,South Africa,Chennai Super Kings,CSK,Mumbai Indians,MI,2009,18,61,53
392232,16-May-09,3,7,2,St George's Park,7,bat,0,1,0,by wickets,7.0,3.0,18.0,488,490,Port Elizabeth,South Africa,Chennai Super Kings,CSK,Mumbai Indians,MI,2009,18,61,53
392199,26-Apr-09,2,6,2,St George's Park,2,bat,0,1,0,by wickets,6.0,6.0,135.0,483,480,Port Elizabeth,South Africa,Royal Challengers Bangalore,RCB,Delhi Daredevils,DD,2009,18,61,53
392237,19-May-09,2,6,2,New Wanderers Stadium,6,bat,0,1,0,by wickets,7.0,2.0,9.0,475,513,Johannesburg,South Africa,Royal Challengers Bangalore,RCB,Delhi Daredevils,DD,2009,18,61,53
392206,30-Apr-09,8,6,2,SuperSport Park,6,field,0,1,0,by wickets,6.0,6.0,223.0,484,492,Centurion,South Africa,Deccan Chargers,DC,Delhi Daredevils,DD,2009,18,61,53
392228,13-May-09,8,6,2,Kingsmead,8,field,0,1,0,by runs,12.0,6.0,89.0,476,487,Durban,South Africa,Deccan Chargers,DC,Delhi Daredevils,DD,2009,18,61,53
392194,23-Apr-09,3,6,2,Kingsmead,6,bat,0,1,0,by runs,9.0,6.0,110.0,478,490,Durban,South Africa,Chennai Super Kings,CSK,Delhi Daredevils,DD,2009,18,61,53
392211,2-May-09,3,6,2,New Wanderers Stadium,6,field,0,1,0,by runs,18.0,3.0,186.0,476,477,Johannesburg,South Africa,Chennai Super Kings,CSK,Delhi Daredevils,DD,2009,18,61,53
392193,22-Apr-09,2,8,2,Newlands,8,bat,0,1,0,by runs,24.0,8.0,53.0,481,492,Cape Town,South Africa,Royal Challengers Bangalore,RCB,Deccan Chargers,DC,2009,18,61,53
392241,21-May-09,2,8,2,SuperSport Park,2,bat,0,1,0,by runs,12.0,2.0,96.0,475,489,Centurion,South Africa,Royal Challengers Bangalore,RCB,Deccan Chargers,DC,2009,18,61,53
392244,24-May-09,2,8,2,New Wanderers Stadium,2,field,0,1,0,by runs,6.0,8.0,124.0,477,490,Johannesburg,South Africa,Royal Challengers Bangalore,RCB,Deccan Chargers,DC,2009,18,61,53
392242,22-May-09,6,8,2,SuperSport Park,8,field,0,1,0,by wickets,6.0,8.0,53.0,478,476,Centurion,South Africa,Delhi Daredevils,DD,Deccan Chargers,DC,2009,18,61,53
392201,27-Apr-09,3,8,2,Kingsmead,8,field,0,1,0,by wickets,6.0,8.0,97.0,475,516,Durban,South Africa,Chennai Super Kings,CSK,Deccan Chargers,DC,2009,18,61,53
392214,4-May-09,3,8,2,Buffalo Park,3,bat,0,1,0,by runs,78.0,3.0,20.0,478,481,East London,South Africa,Chennai Super Kings,CSK,Deccan Chargers,DC,2009,18,61,53
419153,10-Apr-10,2,1,3,M Chinnaswamy Stadium,2,field,0,1,0,by wickets,7.0,2.0,81.0,486,476,Bangalore,India,Royal Challengers Bangalore,RCB,Kolkata Knight Riders,KKR,2010,133,131,133
419132,27-Mar-10,4,1,3,"Punjab Cricket Association Stadium, Mohali",1,bat,0,1,0,by runs,39.0,1.0,87.0,478,489,Chandigarh,India,Kings XI Punjab,KXIP,Kolkata Knight Riders,KKR,2010,133,131,133
419136,29-Mar-10,6,1,3,Feroz Shah Kotla,6,bat,0,1,0,by runs,40.0,6.0,187.0,485,490,Delhi,India,Delhi Daredevils,DD,Kolkata Knight Riders,KKR,2010,133,131,133
419127,22-Mar-10,7,1,3,Brabourne Stadium,1,bat,0,1,0,by wickets,7.0,7.0,133.0,485,490,Mumbai,India,Mumbai Indians,MI,Kolkata Knight Riders,KKR,2010,133,131,133
419123,20-Mar-10,5,1,3,"Sardar Patel Stadium, Motera",5,bat,0,1,0,by runs,34.0,5.0,211.0,477,513,Ahmedabad,India,Rajasthan Royals,RR,Kolkata Knight Riders,KKR,2010,133,131,133
419111,12-Mar-10,8,1,3,Dr DY Patil Sports Academy,8,field,0,1,0,by runs,11.0,1.0,191.0,477,513,Mumbai,India,Deccan Chargers,DC,Kolkata Knight Riders,KKR,2010,133,131,133
419158,13-Apr-10,3,1,3,"MA Chidambaram Stadium, Chepauk",1,bat,0,1,0,by wickets,9.0,3.0,201.0,485,490,Chennai,India,Chennai Super Kings,CSK,Kolkata Knight Riders,KKR,2010,133,131,133
419120,18-Mar-10,2,5,3,M Chinnaswamy Stadium,2,field,0,1,0,by wickets,10.0,2.0,9.0,486,476,Bangalore,India,Royal Challengers Bangalore,RCB,Rajasthan Royals,RR,2010,133,131,133
419129,24-Mar-10,4,5,3,"Punjab Cricket Association Stadium, Mohali",4,field,0,1,0,by runs,31.0,5.0,230.0,478,488,Chandigarh,India,Kings XI Punjab,KXIP,Rajasthan Royals,RR,2010,133,131,133
419139,31-Mar-10,6,5,3,Feroz Shah Kotla,6,bat,0,1,0,by runs,67.0,6.0,88.0,482,490,Delhi,India,Delhi Daredevils,DD,Rajasthan Royals,RR,2010,133,131,133
419112,13-Mar-10,7,5,3,Brabourne Stadium,7,bat,0,1,0,by runs,4.0,7.0,31.0,477,513,Mumbai,India,Mumbai Indians,MI,Rajasthan Royals,RR,2010,133,131,133
419163,17-Apr-10,1,5,3,Eden Gardens,5,bat,0,1,0,by wickets,8.0,1.0,346.0,480,513,Kolkata,India,Kolkata Knight Riders,KKR,Rajasthan Royals,RR,2010,133,131,133
419146,5-Apr-10,8,5,3,"Vidarbha Cricket Association Stadium, Jamtha",5,bat,0,1,0,by runs,2.0,5.0,38.0,482,490,Nagpur,India,Deccan Chargers,DC,Rajasthan Royals,RR,2010,133,131,133
419142,3-Apr-10,3,5,3,"MA Chidambaram Stadium, Chepauk",3,bat,0,1,0,by runs,23.0,3.0,185.0,477,513,Chennai,India,Chennai Super Kings,CSK,Rajasthan Royals,RR,2010,133,131,133
419128,23-Mar-10,2,3,3,M Chinnaswamy Stadium,3,field,0,1,0,by runs,36.0,2.0,46.0,477,513,Bangalore,India,Royal Challengers Bangalore,RCB,Chennai Super Kings,CSK,2010,133,131,133
419164,18-Apr-10,4,3,3,Himachal Pradesh Cricket Association Stadium,3,field,0,1,0,by wickets,6.0,3.0,20.0,474,492,Dharamsala,India,Kings XI Punjab,KXIP,Chennai Super Kings,CSK,2010,133,131,133
419121,19-Mar-10,6,3,3,Feroz Shah Kotla,6,bat,0,1,0,by wickets,5.0,3.0,18.0,478,488,Delhi,India,Delhi Daredevils,DD,Chennai Super Kings,CSK,2010,133,131,133
419130,25-Mar-10,7,3,3,Brabourne Stadium,7,field,0,1,0,by wickets,5.0,7.0,133.0,474,492,Mumbai,India,Mumbai Indians,MI,Chennai Super Kings,CSK,2010,133,131,133
419118,16-Mar-10,1,3,3,Eden Gardens,3,bat,0,1,0,by runs,55.0,3.0,20.0,482,492,Kolkata,India,Kolkata Knight Riders,KKR,Chennai Super Kings,CSK,2010,133,131,133
419134,28-Mar-10,5,3,3,"Sardar Patel Stadium, Motera",5,bat,0,1,0,by runs,17.0,5.0,183.0,485,490,Ahmedabad,India,Rajasthan Royals,RR,Chennai Super Kings,CSK,2010,133,131,133
419152,10-Apr-10,8,3,3,"Vidarbha Cricket Association Stadium, Jamtha",3,bat,0,1,0,by wickets,6.0,8.0,188.0,482,490,Nagpur,India,Deccan Chargers,DC,Chennai Super Kings,CSK,2010,133,131,133
419117,16-Mar-10,2,4,3,M Chinnaswamy Stadium,4,bat,0,1,0,by wickets,8.0,2.0,9.0,491,476,Bangalore,India,Royal Challengers Bangalore,RCB,Kings XI Punjab,KXIP,2010,133,131,133
419154,11-Apr-10,6,4,3,Feroz Shah Kotla,6,bat,0,1,0,by wickets,7.0,4.0,67.0,474,492,Delhi,India,Delhi Daredevils,DD,Kings XI Punjab,KXIP,2010,133,131,133
419137,30-Mar-10,7,4,3,Brabourne Stadium,7,field,0,1,0,by wickets,4.0,7.0,194.0,478,488,Mumbai,India,Mumbai Indians,MI,Kings XI Punjab,KXIP,2010,133,131,133
419144,4-Apr-10,1,4,3,Eden Gardens,1,bat,0,1,0,by wickets,8.0,4.0,64.0,483,476,Kolkata,India,Kolkata Knight Riders,KKR,Kings XI Punjab,KXIP,2010,133,131,133
419148,7-Apr-10,5,4,3,Sawai Mansingh Stadium,4,bat,0,1,0,by wickets,9.0,5.0,224.0,489,488,Jaipur,India,Rajasthan Royals,RR,Kings XI Punjab,KXIP,2010,133,131,133
419122,19-Mar-10,8,4,3,Barabati Stadium,4,field,0,1,0,by runs,6.0,8.0,56.0,474,481,Cuttack,India,Deccan Chargers,DC,Kings XI Punjab,KXIP,2010,133,131,133
419126,21-Mar-10,3,4,3,"MA Chidambaram Stadium, Chepauk",3,field,1,1,0,Tie,0,4.0,233.0,486,476,Chennai,India,Chennai Super Kings,CSK,Kings XI Punjab,KXIP,2010,133,131,133
419162,17-Apr-10,2,7,3,M Chinnaswamy Stadium,2,field,0,1,0,by runs,57.0,7.0,210.0,482,490,Bangalore,India,Royal Challengers Bangalore,RCB,Mumbai Indians,MI,2010,133,131,133
419167,21-Apr-10,2,7,3,Dr DY Patil Sports Academy,7,bat,0,1,0,by runs,35.0,7.0,221.0,478,513,Mumbai,India,Royal Challengers Bangalore,RCB,Mumbai Indians,MI,2010,133,131,133
419151,9-Apr-10,4,7,3,"Punjab Cricket Association Stadium, Mohali",7,bat,0,1,0,by wickets,6.0,4.0,26.0,481,492,Chandigarh,India,Kings XI Punjab,KXIP,Mumbai Indians,MI,2010,133,131,133
419119,17-Mar-10,6,7,3,Feroz Shah Kotla,6,field,0,1,0,by runs,98.0,7.0,133.0,478,488,Delhi,India,Delhi Daredevils,DD,Mumbai Indians,MI,2010,133,131,133
419166,19-Apr-10,1,7,3,Eden Gardens,7,bat,0,1,0,by wickets,9.0,1.0,83.0,480,477,Kolkata,India,Kolkata Knight Riders,KKR,Mumbai Indians,MI,2010,133,131,133
419155,11-Apr-10,5,7,3,Sawai Mansingh Stadium,5,field,0,1,0,by runs,37.0,7.0,133.0,478,488,Jaipur,India,Rajasthan Royals,RR,Mumbai Indians,MI,2010,133,131,133
419135,28-Mar-10,8,7,3,Dr DY Patil Sports Academy,8,field,0,1,0,by runs,41.0,7.0,50.0,491,486,Mumbai,India,Deccan Chargers,DC,Mumbai Indians,MI,2010,133,131,133
419147,6-Apr-10,3,7,3,"MA Chidambaram Stadium, Chepauk",3,bat,0,1,0,by runs,24.0,3.0,21.0,483,476,Chennai,India,Chennai Super Kings,CSK,Mumbai Indians,MI,2010,133,131,133
419170,25-Apr-10,3,7,3,Dr DY Patil Sports Academy,3,bat,0,1,0,by runs,22.0,3.0,21.0,477,490,Mumbai,India,Chennai Super Kings,CSK,Mumbai Indians,MI,2010,133,131,133
419133,25-Mar-10,2,6,3,M Chinnaswamy Stadium,2,field,0,1,0,by runs,17.0,6.0,237.0,480,477,Bangalore,India,Royal Challengers Bangalore,RCB,Delhi Daredevils,DD,2010,133,131,133
419113,13-Mar-10,4,6,3,"Punjab Cricket Association Stadium, Mohali",6,field,0,1,0,by wickets,5.0,6.0,40.0,478,489,Chandigarh,India,Kings XI Punjab,KXIP,Delhi Daredevils,DD,2010,133,131,133
419157,13-Apr-10,7,6,3,Brabourne Stadium,7,bat,0,1,0,by runs,39.0,7.0,221.0,483,476,Mumbai,India,Mumbai Indians,MI,Delhi Daredevils,DD,2010,133,131,133
419149,7-Apr-10,1,6,3,Eden Gardens,1,bat,0,1,0,by runs,14.0,1.0,1.0,480,477,Kolkata,India,Kolkata Knight Riders,KKR,Delhi Daredevils,DD,2010,133,131,133
419116,15-Mar-10,5,6,3,"Sardar Patel Stadium, Motera",6,field,0,1,0,by wickets,6.0,6.0,41.0,480,477,Ahmedabad,India,Rajasthan Royals,RR,Delhi Daredevils,DD,2010,133,131,133
419125,21-Mar-10,8,6,3,Barabati Stadium,8,bat,0,1,0,by runs,10.0,8.0,56.0,474,481,Cuttack,India,Deccan Chargers,DC,Delhi Daredevils,DD,2010,133,131,133
419160,15-Apr-10,3,6,3,"MA Chidambaram Stadium, Chepauk",3,bat,0,1,0,by wickets,6.0,6.0,40.0,482,485,Chennai,India,Chennai Super Kings,CSK,Delhi Daredevils,DD,2010,133,131,133
419150,8-Apr-10,2,8,3,M Chinnaswamy Stadium,8,field,0,1,0,by wickets,7.0,8.0,178.0,483,476,Bangalore,India,Royal Challengers Bangalore,RCB,Deccan Chargers,DC,2010,133,131,133
419169,24-Apr-10,2,8,3,Dr DY Patil Sports Academy,8,bat,0,1,0,by wickets,9.0,2.0,124.0,477,490,Mumbai,India,Royal Challengers Bangalore,RCB,Deccan Chargers,DC,2010,133,131,133
419161,16-Apr-10,4,8,3,Himachal Pradesh Cricket Association Stadium,8,field,0,1,0,by wickets,5.0,8.0,57.0,481,492,Dharamsala,India,Kings XI Punjab,KXIP,Deccan Chargers,DC,2010,133,131,133
419165,18-Apr-10,6,8,3,Feroz Shah Kotla,8,bat,0,1,0,by runs,11.0,8.0,56.0,478,488,Delhi,India,Delhi Daredevils,DD,Deccan Chargers,DC,2010,133,131,133
419143,3-Apr-10,7,8,3,Brabourne Stadium,7,bat,0,1,0,by runs,63.0,7.0,208.0,478,489,Mumbai,India,Mumbai Indians,MI,Deccan Chargers,DC,2010,133,131,133
419140,1-Apr-10,1,8,3,Eden Gardens,1,bat,0,1,0,by runs,24.0,1.0,1.0,486,476,Kolkata,India,Kolkata Knight Riders,KKR,Deccan Chargers,DC,2010,133,131,133
419131,26-Mar-10,5,8,3,"Sardar Patel Stadium, Motera",8,bat,0,1,0,by wickets,8.0,5.0,31.0,482,490,Ahmedabad,India,Rajasthan Royals,RR,Deccan Chargers,DC,2010,133,131,133
419115,14-Mar-10,3,8,3,"MA Chidambaram Stadium, Chepauk",8,bat,0,1,0,by runs,31.0,8.0,60.0,486,476,Chennai,India,Chennai Super Kings,CSK,Deccan Chargers,DC,2010,133,131,133
419168,22-Apr-10,3,8,3,Dr DY Patil Sports Academy,3,bat,0,1,0,by runs,38.0,3.0,248.0,478,513,Mumbai,India,Chennai Super Kings,CSK,Deccan Chargers,DC,2010,133,131,133
419141,2-Apr-10,4,2,3,"Punjab Cricket Association Stadium, Mohali",4,bat,0,1,0,by wickets,6.0,2.0,158.0,474,481,Chandigarh,India,Kings XI Punjab,KXIP,Royal Challengers Bangalore,RCB,2010,133,131,133
419145,4-Apr-10,6,2,3,Feroz Shah Kotla,6,bat,0,1,0,by runs,37.0,6.0,241.0,474,481,Delhi,India,Delhi Daredevils,DD,Royal Challengers Bangalore,RCB,2010,133,131,133
419124,20-Mar-10,7,2,3,Brabourne Stadium,7,bat,0,1,0,by wickets,7.0,2.0,9.0,482,485,Mumbai,India,Mumbai Indians,MI,Royal Challengers Bangalore,RCB,2010,133,131,133
419114,14-Mar-10,1,2,3,Eden Gardens,1,field,0,1,0,by wickets,7.0,1.0,87.0,482,492,Kolkata,India,Kolkata Knight Riders,KKR,Royal Challengers Bangalore,RCB,2010,133,131,133
419159,14-Apr-10,5,2,3,Sawai Mansingh Stadium,5,bat,0,1,0,by wickets,5.0,2.0,158.0,478,489,Jaipur,India,Rajasthan Royals,RR,Royal Challengers Bangalore,RCB,2010,133,131,133
419156,12-Apr-10,8,2,3,"Vidarbha Cricket Association Stadium, Jamtha",2,field,0,1,0,by runs,13.0,8.0,256.0,477,513,Nagpur,India,Deccan Chargers,DC,Royal Challengers Bangalore,RCB,2010,133,131,133
419138,31-Mar-10,3,2,3,"MA Chidambaram Stadium, Chepauk",2,bat,0,1,0,by wickets,5.0,3.0,185.0,480,477,Chennai,India,Chennai Super Kings,CSK,Royal Challengers Bangalore,RCB,2010,133,131,133
501260,14-May-11,2,1,4,M Chinnaswamy Stadium,2,field,0,1,1,by wickets,4.0,2.0,162.0,477,513,Bangalore,India,Royal Challengers Bangalore,RCB,Kolkata Knight Riders,KKR,2011,162,194,162
501235,28-Apr-11,6,1,4,Feroz Shah Kotla,6,field,0,1,0,by runs,17.0,1.0,87.0,493,518,Delhi,India,Delhi Daredevils,DD,Kolkata Knight Riders,KKR,2011,162,194,162
501274,25-May-11,7,1,4,Wankhede Stadium,7,field,0,1,0,by wickets,4.0,7.0,126.0,470,490,Mumbai,India,Mumbai Indians,MI,Kolkata Knight Riders,KKR,2011,162,194,162
501214,15-Apr-11,5,1,4,Sawai Mansingh Stadium,1,field,0,1,0,by wickets,9.0,1.0,40.0,472,485,Jaipur,India,Rajasthan Royals,RR,Kolkata Knight Riders,KKR,2011,162,194,162
501244,3-May-11,8,1,4,"Rajiv Gandhi International Stadium, Uppal",8,field,0,1,0,by runs,20.0,1.0,31.0,483,518,Hyderabad,India,Deccan Chargers,DC,Kolkata Knight Riders,KKR,2011,162,194,162
501203,8-Apr-11,3,1,4,"MA Chidambaram Stadium, Chepauk",3,bat,0,1,0,by runs,2.0,3.0,125.0,478,493,Chennai,India,Chennai Super Kings,CSK,Kolkata Knight Riders,KKR,2011,162,194,162
501247,5-May-11,9,1,4,Nehru Stadium,1,field,0,1,0,by runs,17.0,9.0,104.0,489,518,Kochi,India,Kochi Tuskers Kerala,KTK,Kolkata Knight Riders,KKR,2011,162,194,162
501267,19-May-11,10,1,4,Dr DY Patil Sports Academy,1,field,0,1,0,by wickets,7.0,1.0,31.0,489,490,Mumbai,India,Pune Warriors,PW,Kolkata Knight Riders,KKR,2011,162,194,162
501225,21-Apr-11,4,5,4,"Punjab Cricket Association Stadium, Mohali",5,field,0,1,0,by runs,48.0,4.0,100.0,483,493,Chandigarh,India,Kings XI Punjab,KXIP,Rajasthan Royals,RR,2011,162,194,162
501268,20-May-11,7,5,4,Wankhede Stadium,7,bat,0,1,0,by wickets,10.0,5.0,32.0,477,493,Mumbai,India,Mumbai Indians,MI,Rajasthan Royals,RR,2011,162,194,162
501219,17-Apr-11,1,5,4,Eden Gardens,1,field,0,1,0,by wickets,8.0,1.0,151.0,472,513,Kolkata,India,Kolkata Knight Riders,KKR,Rajasthan Royals,RR,2011,162,194,162
501204,9-Apr-11,8,5,4,"Rajiv Gandhi International Stadium, Uppal",5,field,0,1,0,by wickets,8.0,5.0,39.0,477,488,Hyderabad,India,Deccan Chargers,DC,Rajasthan Royals,RR,2011,162,194,162
501245,4-May-11,3,5,4,"MA Chidambaram Stadium, Chepauk",5,bat,0,1,0,by wickets,8.0,3.0,19.0,485,513,Chennai,India,Chennai Super Kings,CSK,Rajasthan Royals,RR,2011,162,194,162
501263,15-May-11,9,5,4,Holkar Cricket Stadium,9,field,0,1,0,by wickets,8.0,9.0,104.0,493,518,Indore,India,Kochi Tuskers Kerala,KTK,Rajasthan Royals,RR,2011,162,194,162
501271,22-May-11,2,3,4,M Chinnaswamy Stadium,2,field,0,1,0,by wickets,8.0,2.0,162.0,486,477,Bangalore,India,Royal Challengers Bangalore,RCB,Chennai Super Kings,CSK,2011,162,194,162
501273,24-May-11,2,3,4,Wankhede Stadium,3,field,0,1,0,by wickets,6.0,3.0,21.0,470,490,Mumbai,India,Royal Challengers Bangalore,RCB,Chennai Super Kings,CSK,2011,162,194,162
501211,13-Apr-11,4,3,4,"Punjab Cricket Association Stadium, Mohali",4,field,0,1,0,by wickets,6.0,4.0,167.0,470,487,Chandigarh,India,Kings XI Punjab,KXIP,Chennai Super Kings,CSK,2011,162,194,162
501226,22-Apr-11,7,3,4,Wankhede Stadium,3,field,0,1,0,by runs,8.0,7.0,50.0,470,492,Mumbai,India,Mumbai Indians,MI,Chennai Super Kings,CSK,2011,162,194,162
501250,7-May-11,1,3,4,Eden Gardens,3,bat,0,1,1,by runs,10.0,1.0,140.0,470,493,Kolkata,India,Kolkata Knight Riders,KKR,Chennai Super Kings,CSK,2011,162,194,162
501254,9-May-11,5,3,4,Sawai Mansingh Stadium,5,field,0,1,0,by runs,63.0,3.0,185.0,486,490,Jaipur,India,Rajasthan Royals,RR,Chennai Super Kings,CSK,2011,162,194,162
501220,18-Apr-11,9,3,4,Nehru Stadium,9,field,0,1,1,by wickets,7.0,9.0,2.0,486,517,Kochi,India,Kochi Tuskers Kerala,KTK,Chennai Super Kings,CSK,2011,162,194,162
501233,27-Apr-11,10,3,4,Dr DY Patil Sports Academy,10,bat,0,1,0,by wickets,8.0,3.0,248.0,470,487,Mumbai,India,Pune Warriors,PW,Chennai Super Kings,CSK,2011,162,194,162
501249,6-May-11,2,4,4,M Chinnaswamy Stadium,4,field,0,1,0,by runs,85.0,2.0,162.0,472,513,Bangalore,India,Royal Challengers Bangalore,RCB,Kings XI Punjab,KXIP,2011,162,194,162
501228,23-Apr-11,6,4,4,Feroz Shah Kotla,4,field,0,1,0,by runs,29.0,6.0,187.0,483,477,Delhi,India,Delhi Daredevils,DD,Kings XI Punjab,KXIP,2011,162,194,162
501242,2-May-11,7,4,4,Wankhede Stadium,4,field,0,1,0,by runs,23.0,7.0,221.0,482,493,Mumbai,India,Mumbai Indians,MI,Kings XI Punjab,KXIP,2011,162,194,162
501239,30-Apr-11,1,4,4,Eden Gardens,1,field,0,1,0,by wickets,8.0,1.0,140.0,492,487,Kolkata,India,Kolkata Knight Riders,KKR,Kings XI Punjab,KXIP,2011,162,194,162
501217,16-Apr-11,8,4,4,"Rajiv Gandhi International Stadium, Uppal",4,field,0,1,0,by wickets,8.0,4.0,167.0,477,489,Hyderabad,India,Deccan Chargers,DC,Kings XI Punjab,KXIP,2011,162,194,162
501259,13-May-11,9,4,4,Holkar Cricket Stadium,4,field,0,1,0,by wickets,6.0,4.0,88.0,483,518,Indore,India,Kochi Tuskers Kerala,KTK,Kings XI Punjab,KXIP,2011,162,194,162
501207,10-Apr-11,10,4,4,Dr DY Patil Sports Academy,4,bat,0,1,0,by wickets,7.0,10.0,273.0,478,493,Mumbai,India,Pune Warriors,PW,Kings XI Punjab,KXIP,2011,162,194,162
501210,12-Apr-11,2,7,4,M Chinnaswamy Stadium,7,field,0,1,0,by wickets,9.0,7.0,133.0,482,517,Bangalore,India,Royal Challengers Bangalore,RCB,Mumbai Indians,MI,2011,162,194,162
501275,27-May-11,2,7,4,"MA Chidambaram Stadium, Chepauk",7,field,0,1,0,by runs,43.0,2.0,162.0,470,490,Chennai,India,Royal Challengers Bangalore,RCB,Mumbai Indians,MI,2011,162,194,162
501256,10-May-11,4,7,4,"Punjab Cricket Association Stadium, Mohali",7,field,0,1,0,by runs,76.0,4.0,302.0,488,518,Chandigarh,India,Kings XI Punjab,KXIP,Mumbai Indians,MI,2011,162,194,162
501206,10-Apr-11,6,7,4,Feroz Shah Kotla,6,bat,0,1,0,by wickets,8.0,7.0,194.0,492,513,Delhi,India,Delhi Daredevils,DD,Mumbai Indians,MI,2011,162,194,162
501272,22-May-11,1,7,4,Eden Gardens,7,field,0,1,0,by wickets,5.0,7.0,275.0,488,490,Kolkata,India,Kolkata Knight Riders,KKR,Mumbai Indians,MI,2011,162,194,162
501236,29-Apr-11,5,7,4,Sawai Mansingh Stadium,5,field,0,1,0,by wickets,7.0,5.0,192.0,470,488,Jaipur,India,Rajasthan Royals,RR,Mumbai Indians,MI,2011,162,194,162
501229,24-Apr-11,8,7,4,"Rajiv Gandhi International Stadium, Uppal",8,field,0,1,0,by runs,37.0,7.0,194.0,482,517,Hyderabad,India,Deccan Chargers,DC,Mumbai Indians,MI,2011,162,194,162
501246,4-May-11,10,7,4,Dr DY Patil Sports Academy,10,field,0,1,0,by runs,21.0,7.0,235.0,482,490,Mumbai,India,Pune Warriors,PW,Mumbai Indians,MI,2011,162,194,162
501262,15-May-11,4,6,4,Himachal Pradesh Cricket Association Stadium,6,field,0,1,0,by runs,29.0,4.0,67.0,470,487,Dharamsala,India,Kings XI Punjab,KXIP,Delhi Daredevils,DD,2011,162,194,162
501251,7-May-11,7,6,4,Wankhede Stadium,6,field,0,1,0,by runs,32.0,7.0,208.0,486,490,Mumbai,India,Mumbai Indians,MI,Delhi Daredevils,DD,2011,162,194,162
501209,12-Apr-11,5,6,4,Sawai Mansingh Stadium,6,bat,0,1,0,by wickets,6.0,5.0,38.0,472,513,Jaipur,India,Rajasthan Royals,RR,Delhi Daredevils,DD,2011,162,194,162
501248,5-May-11,8,6,4,"Rajiv Gandhi International Stadium, Uppal",6,field,0,1,0,by wickets,4.0,6.0,41.0,470,492,Hyderabad,India,Deccan Chargers,DC,Delhi Daredevils,DD,2011,162,194,162
501258,12-May-11,3,6,4,"MA Chidambaram Stadium, Chepauk",3,bat,0,1,0,by runs,18.0,3.0,20.0,492,487,Chennai,India,Chennai Super Kings,CSK,Delhi Daredevils,DD,2011,162,194,162
501238,30-Apr-11,9,6,4,Nehru Stadium,6,bat,0,1,0,by runs,38.0,6.0,41.0,482,517,Kochi,India,Kochi Tuskers Kerala,KTK,Delhi Daredevils,DD,2011,162,194,162
501218,17-Apr-11,10,6,4,Dr DY Patil Sports Academy,6,field,0,1,0,by wickets,3.0,6.0,27.0,470,492,Mumbai,India,Pune Warriors,PW,Delhi Daredevils,DD,2011,162,194,162
501269,21-May-11,4,8,4,Himachal Pradesh Cricket Association Stadium,4,field,0,1,0,by runs,82.0,8.0,42.0,470,492,Dharamsala,India,Kings XI Punjab,KXIP,Deccan Chargers,DC,2011,162,194,162
501221,19-Apr-11,6,8,4,Feroz Shah Kotla,8,bat,0,1,0,by runs,16.0,8.0,65.0,493,518,Delhi,India,Delhi Daredevils,DD,Deccan Chargers,DC,2011,162,194,162
501261,14-May-11,7,8,4,Wankhede Stadium,8,bat,0,1,0,by runs,10.0,8.0,136.0,489,488,Mumbai,India,Mumbai Indians,MI,Deccan Chargers,DC,2011,162,194,162
501208,11-Apr-11,1,8,4,Eden Gardens,1,bat,0,1,0,by runs,9.0,1.0,9.0,477,488,Kolkata,India,Kolkata Knight Riders,KKR,Deccan Chargers,DC,2011,162,194,162
501241,1-May-11,3,8,4,"MA Chidambaram Stadium, Chepauk",3,bat,0,1,0,by runs,19.0,3.0,109.0,472,513,Chennai,India,Chennai Super Kings,CSK,Deccan Chargers,DC,2011,162,194,162
501234,27-Apr-11,9,8,4,Nehru Stadium,9,field,0,1,0,by runs,55.0,8.0,84.0,482,517,Kochi,India,Kochi Tuskers Kerala,KTK,Deccan Chargers,DC,2011,162,194,162
501264,16-May-11,10,8,4,Dr DY Patil Sports Academy,8,field,0,1,0,by wickets,6.0,8.0,136.0,489,488,Mumbai,India,Pune Warriors,PW,Deccan Chargers,DC,2011,162,194,162
501237,29-Apr-11,2,10,4,M Chinnaswamy Stadium,10,field,0,1,0,by runs,26.0,2.0,8.0,472,485,Bangalore,India,Royal Challengers Bangalore,RCB,Pune Warriors,PW,2011,162,194,162
501253,8-May-11,4,10,4,"Punjab Cricket Association Stadium, Mohali",4,bat,0,1,0,by wickets,5.0,10.0,235.0,488,518,Chandigarh,India,Kings XI Punjab,KXIP,Pune Warriors,PW,2011,162,194,162
501270,21-May-11,6,10,4,Feroz Shah Kotla,6,bat,0,0,0,No Result,0,0,0,485,518,Delhi,India,Delhi Daredevils,DD,Pune Warriors,PW,2011,162,194,162
501223,20-Apr-11,7,10,4,Wankhede Stadium,10,bat,0,1,0,by wickets,7.0,7.0,126.0,470,492,Mumbai,India,Mumbai Indians,MI,Pune Warriors,PW,2011,162,194,162
501240,1-May-11,5,10,4,Sawai Mansingh Stadium,5,field,0,1,0,by wickets,6.0,5.0,52.0,488,490,Jaipur,India,Rajasthan Royals,RR,Pune Warriors,PW,2011,162,194,162
501255,10-May-11,8,10,4,"Rajiv Gandhi International Stadium, Uppal",8,bat,0,1,0,by wickets,6.0,10.0,253.0,470,492,Hyderabad,India,Deccan Chargers,DC,Pune Warriors,PW,2011,162,194,162
501231,25-Apr-11,3,10,4,"MA Chidambaram Stadium, Chepauk",10,field,0,1,0,by runs,25.0,3.0,19.0,472,513,Chennai,India,Chennai Super Kings,CSK,Pune Warriors,PW,2011,162,194,162
501252,8-May-11,2,9,4,M Chinnaswamy Stadium,9,bat,0,1,0,by wickets,9.0,2.0,162.0,472,485,Bangalore,India,Royal Challengers Bangalore,RCB,Kochi Tuskers Kerala,KTK,2011,162,194,162
501243,2-May-11,6,9,4,Feroz Shah Kotla,9,field,0,1,0,by wickets,7.0,9.0,294.0,470,487,Delhi,India,Delhi Daredevils,DD,Kochi Tuskers Kerala,KTK,2011,162,194,162
501215,15-Apr-11,7,9,4,Wankhede Stadium,9,field,0,1,0,by wickets,8.0,9.0,2.0,478,493,Mumbai,India,Mumbai Indians,MI,Kochi Tuskers Kerala,KTK,2011,162,194,162
501224,20-Apr-11,1,9,4,Eden Gardens,1,field,0,1,0,by runs,6.0,9.0,64.0,472,513,Kolkata,India,Kolkata Knight Riders,KKR,Kochi Tuskers Kerala,KTK,2011,162,194,162
501230,24-Apr-11,5,9,4,Sawai Mansingh Stadium,5,field,0,1,0,by wickets,8.0,5.0,38.0,478,488,Jaipur,India,Rajasthan Royals,RR,Kochi Tuskers Kerala,KTK,2011,162,194,162
501266,18-May-11,3,9,4,"MA Chidambaram Stadium, Chepauk",3,bat,0,1,0,by runs,11.0,3.0,62.0,482,477,Chennai,India,Chennai Super Kings,CSK,Kochi Tuskers Kerala,KTK,2011,162,194,162
501212,13-Apr-11,10,9,4,Dr DY Patil Sports Academy,9,bat,0,1,0,by wickets,4.0,10.0,231.0,483,493,Mumbai,India,Pune Warriors,PW,Kochi Tuskers Kerala,KTK,2011,162,194,162
501265,17-May-11,4,2,4,Himachal Pradesh Cricket Association Stadium,4,bat,0,1,0,by runs,111.0,4.0,53.0,470,492,Dharamsala,India,Kings XI Punjab,KXIP,Royal Challengers Bangalore,RCB,2011,162,194,162
501232,26-Apr-11,6,2,4,Feroz Shah Kotla,2,field,0,1,0,by wickets,3.0,2.0,8.0,483,518,Delhi,India,Delhi Daredevils,DD,Royal Challengers Bangalore,RCB,2011,162,194,162
501227,22-Apr-11,1,2,4,Eden Gardens,2,field,0,1,0,by wickets,9.0,2.0,162.0,485,513,Kolkata,India,Kolkata Knight Riders,KKR,Royal Challengers Bangalore,RCB,2011,162,194,162
501257,11-May-11,5,2,4,Sawai Mansingh Stadium,2,field,0,1,0,by wickets,9.0,2.0,270.0,482,486,Jaipur,India,Rajasthan Royals,RR,Royal Challengers Bangalore,RCB,2011,162,194,162
501213,14-Apr-11,8,2,4,"Rajiv Gandhi International Stadium, Uppal",2,field,0,1,0,by runs,33.0,8.0,94.0,477,489,Hyderabad,India,Deccan Chargers,DC,Royal Challengers Bangalore,RCB,2011,162,194,162
501216,16-Apr-11,3,2,4,"MA Chidambaram Stadium, Chepauk",3,bat,0,1,0,by runs,21.0,3.0,19.0,482,517,Chennai,India,Chennai Super Kings,CSK,Royal Challengers Bangalore,RCB,2011,162,194,162
501276,28-May-11,3,2,4,"MA Chidambaram Stadium, Chepauk",3,bat,0,1,0,by runs,58.0,3.0,185.0,470,490,Chennai,India,Chennai Super Kings,CSK,Royal Challengers Bangalore,RCB,2011,162,194,162
501205,9-Apr-11,9,2,4,Nehru Stadium,9,bat,0,1,0,by wickets,6.0,2.0,110.0,482,486,Kochi,India,Kochi Tuskers Kerala,KTK,Royal Challengers Bangalore,RCB,2011,162,194,162
548320,10-Apr-12,2,1,5,M Chinnaswamy Stadium,2,field,0,1,0,by runs,42.0,1.0,151.0,489,518,Bangalore,India,Royal Challengers Bangalore,RCB,Kolkata Knight Riders,KKR,2012,162,190,315
548333,18-Apr-12,4,1,5,"Punjab Cricket Association Stadium, Mohali",4,bat,0,1,0,by wickets,8.0,1.0,40.0,494,518,Chandigarh,India,Kings XI Punjab,KXIP,Kolkata Knight Riders,KKR,2012,162,190,315
548362,7-May-12,6,1,5,Feroz Shah Kotla,6,bat,0,1,0,by wickets,6.0,1.0,9.0,494,489,Delhi,India,Delhi Daredevils,DD,Kolkata Knight Riders,KKR,2012,162,190,315
548383,22-May-12,6,1,5,Subrata Roy Sahara Stadium,1,bat,0,1,0,by runs,18.0,1.0,31.0,478,490,Pune,India,Delhi Daredevils,DD,Kolkata Knight Riders,KKR,2012,162,190,315
548375,16-May-12,7,1,5,Wankhede Stadium,7,field,0,1,0,by runs,32.0,1.0,315.0,491,478,Mumbai,India,Mumbai Indians,MI,Kolkata Knight Riders,KKR,2012,162,190,315
548317,8-Apr-12,5,1,5,Sawai Mansingh Stadium,1,field,0,1,0,by runs,22.0,5.0,104.0,474,496,Jaipur,India,Rajasthan Royals,RR,Kolkata Knight Riders,KKR,2012,162,190,315
548340,22-Apr-12,8,1,5,Barabati Stadium,1,field,0,1,0,by wickets,5.0,1.0,66.0,474,488,Cuttack,India,Deccan Chargers,DC,Kolkata Knight Riders,KKR,2012,162,190,315
548352,30-Apr-12,3,1,5,"MA Chidambaram Stadium, Chepauk",3,bat,0,1,0,by wickets,5.0,1.0,40.0,474,499,Chennai,India,Chennai Super Kings,CSK,Kolkata Knight Riders,KKR,2012,162,190,315
548380,19-May-12,10,1,5,Subrata Roy Sahara Stadium,1,bat,0,1,0,by runs,34.0,1.0,276.0,483,478,Pune,India,Pune Warriors,PW,Kolkata Knight Riders,KKR,2012,162,190,315
548329,15-Apr-12,2,5,5,M Chinnaswamy Stadium,5,bat,0,1,0,by runs,59.0,5.0,85.0,494,518,Bangalore,India,Royal Challengers Bangalore,RCB,Rajasthan Royals,RR,2012,162,190,315
548359,5-May-12,4,5,5,"Punjab Cricket Association Stadium, Mohali",5,bat,0,1,0,by runs,43.0,5.0,32.0,494,490,Chandigarh,India,Kings XI Punjab,KXIP,Rajasthan Royals,RR,2012,162,190,315
548350,29-Apr-12,6,5,5,Feroz Shah Kotla,6,bat,0,1,0,by runs,1.0,6.0,41.0,489,518,Delhi,India,Delhi Daredevils,DD,Rajasthan Royals,RR,2012,162,190,315
548322,11-Apr-12,7,5,5,Wankhede Stadium,5,field,0,1,0,by runs,27.0,7.0,221.0,472,497,Mumbai,India,Mumbai Indians,MI,Rajasthan Royals,RR,2012,162,190,315
548325,13-Apr-12,1,5,5,Eden Gardens,5,bat,0,1,0,by wickets,5.0,1.0,276.0,470,483,Kolkata,India,Kolkata Knight Riders,KKR,Rajasthan Royals,RR,2012,162,190,315
548378,18-May-12,8,5,5,"Rajiv Gandhi International Stadium, Uppal",5,bat,0,1,0,by wickets,5.0,8.0,94.0,489,490,Hyderabad,India,Deccan Chargers,DC,Rajasthan Royals,RR,2012,162,190,315
548337,21-Apr-12,3,5,5,"MA Chidambaram Stadium, Chepauk",5,bat,0,1,0,by wickets,7.0,3.0,303.0,472,497,Chennai,India,Chennai Super Kings,CSK,Rajasthan Royals,RR,2012,162,190,315
548363,8-May-12,10,5,5,Subrata Roy Sahara Stadium,10,bat,0,1,0,by wickets,7.0,5.0,32.0,470,478,Pune,India,Pune Warriors,PW,Rajasthan Royals,RR,2012,162,190,315
548376,17-May-12,4,3,5,Himachal Pradesh Cricket Association Stadium,4,field,0,1,0,by wickets,6.0,4.0,53.0,496,488,Dharamsala,India,Kings XI Punjab,KXIP,Chennai Super Kings,CSK,2012,162,190,315
548321,10-Apr-12,6,3,5,Feroz Shah Kotla,6,field,0,1,0,by wickets,8.0,6.0,190.0,470,488,Delhi,India,Delhi Daredevils,DD,Chennai Super Kings,CSK,2012,162,190,315
548385,25-May-12,6,3,5,"MA Chidambaram Stadium, Chepauk",6,field,0,1,0,by runs,86.0,3.0,185.0,478,490,Chennai,India,Delhi Daredevils,DD,Chennai Super Kings,CSK,2012,162,190,315
548360,6-May-12,7,3,5,Wankhede Stadium,7,field,0,1,0,by wickets,2.0,7.0,147.0,470,483,Mumbai,India,Mumbai Indians,MI,Chennai Super Kings,CSK,2012,162,190,315
548373,14-May-12,1,3,5,Eden Gardens,3,field,0,1,0,by wickets,5.0,3.0,19.0,494,490,Kolkata,India,Kolkata Knight Riders,KKR,Chennai Super Kings,CSK,2012,162,190,315
548386,27-May-12,1,3,5,"MA Chidambaram Stadium, Chepauk",3,bat,0,1,0,by wickets,5.0,1.0,214.0,474,490,Chennai,India,Kolkata Knight Riders,KKR,Chennai Super Kings,CSK,2012,162,190,315
548366,10-May-12,5,3,5,Sawai Mansingh Stadium,3,field,0,1,0,by wickets,4.0,3.0,451.0,497,499,Jaipur,India,Rajasthan Royals,RR,Chennai Super Kings,CSK,2012,162,190,315
548316,7-Apr-12,8,3,5,Dr. Y.S. Rajasekhara Reddy ACA-VDCA Cricket Stadium,8,field,0,1,0,by runs,74.0,3.0,35.0,494,482,Visakhapatnam,India,Deccan Chargers,DC,Chennai Super Kings,CSK,2012,162,190,315
548327,14-Apr-12,10,3,5,Subrata Roy Sahara Stadium,3,bat,0,1,0,by wickets,7.0,10.0,157.0,472,497,Pune,India,Pune Warriors,PW,Chennai Super Kings,CSK,2012,162,190,315
548355,2-May-12,2,4,5,M Chinnaswamy Stadium,4,field,0,1,0,by wickets,4.0,4.0,321.0,474,499,Bangalore,India,Royal Challengers Bangalore,RCB,Kings XI Punjab,KXIP,2012,162,190,315
548374,15-May-12,6,4,5,Feroz Shah Kotla,4,bat,0,1,0,by wickets,5.0,6.0,232.0,482,497,Delhi,India,Delhi Daredevils,DD,Kings XI Punjab,KXIP,2012,162,190,315
548339,22-Apr-12,7,4,5,Wankhede Stadium,7,bat,0,1,0,by wickets,6.0,4.0,100.0,489,518,Mumbai,India,Mumbai Indians,MI,Kings XI Punjab,KXIP,2012,162,190,315
548328,15-Apr-12,1,4,5,Eden Gardens,1,field,0,1,0,by runs,2.0,4.0,315.0,470,483,Kolkata,India,Kolkata Knight Riders,KKR,Kings XI Punjab,KXIP,2012,162,190,315
548314,6-Apr-12,5,4,5,Sawai Mansingh Stadium,4,field,0,1,0,by runs,31.0,5.0,85.0,474,488,Jaipur,India,Rajasthan Royals,RR,Kings XI Punjab,KXIP,2012,162,190,315
548364,8-May-12,8,4,5,"Rajiv Gandhi International Stadium, Uppal",8,field,0,1,0,by runs,25.0,4.0,236.0,482,497,Hyderabad,India,Deccan Chargers,DC,Kings XI Punjab,KXIP,2012,162,190,315
548348,28-Apr-12,3,4,5,"MA Chidambaram Stadium, Chepauk",4,bat,0,1,0,by runs,7.0,4.0,236.0,474,488,Chennai,India,Chennai Super Kings,CSK,Kings XI Punjab,KXIP,2012,162,190,315
548318,8-Apr-12,10,4,5,Subrata Roy Sahara Stadium,10,bat,0,1,0,by runs,22.0,10.0,307.0,491,490,Pune,India,Pune Warriors,PW,Kings XI Punjab,KXIP,2012,162,190,315
548372,14-May-12,2,7,5,M Chinnaswamy Stadium,7,field,0,1,0,by wickets,5.0,7.0,208.0,491,478,Bangalore,India,Royal Challengers Bangalore,RCB,Mumbai Indians,MI,2012,162,190,315
548344,25-Apr-12,4,7,5,"Punjab Cricket Association Stadium, Mohali",4,bat,0,1,0,by wickets,4.0,7.0,208.0,472,497,Chandigarh,India,Kings XI Punjab,KXIP,Mumbai Indians,MI,2012,162,190,315
548347,27-Apr-12,6,7,5,Feroz Shah Kotla,7,field,0,1,0,by runs,37.0,6.0,41.0,472,497,Delhi,India,Delhi Daredevils,DD,Mumbai Indians,MI,2012,162,190,315
548368,12-May-12,1,7,5,Eden Gardens,7,bat,0,1,0,by runs,27.0,7.0,57.0,489,490,Kolkata,India,Kolkata Knight Riders,KKR,Mumbai Indians,MI,2012,162,190,315
548382,20-May-12,5,7,5,Sawai Mansingh Stadium,5,bat,0,1,0,by wickets,10.0,7.0,147.0,482,499,Jaipur,India,Rajasthan Royals,RR,Mumbai Indians,MI,2012,162,190,315
548319,9-Apr-12,8,7,5,Dr. Y.S. Rajasekhara Reddy ACA-VDCA Cricket Stadium,8,bat,0,1,0,by wickets,5.0,7.0,57.0,495,494,Visakhapatnam,India,Deccan Chargers,DC,Mumbai Indians,MI,2012,162,190,315
548311,4-Apr-12,3,7,5,"MA Chidambaram Stadium, Chepauk",7,field,0,1,0,by wickets,8.0,7.0,304.0,494,490,Chennai,India,Chennai Super Kings,CSK,Mumbai Indians,MI,2012,162,190,315
548384,23-May-12,3,7,5,M Chinnaswamy Stadium,7,field,0,1,0,by runs,38.0,3.0,20.0,474,482,Bangalore,India,Chennai Super Kings,CSK,Mumbai Indians,MI,2012,162,190,315
548356,3-May-12,10,7,5,Subrata Roy Sahara Stadium,7,bat,0,1,0,by runs,1.0,7.0,194.0,470,483,Pune,India,Pune Warriors,PW,Mumbai Indians,MI,2012,162,190,315
548315,7-Apr-12,2,6,5,M Chinnaswamy Stadium,6,field,0,1,0,by runs,20.0,2.0,110.0,483,489,Bangalore,India,Royal Challengers Bangalore,RCB,Delhi Daredevils,DD,2012,162,190,315
548379,19-May-12,4,6,5,Himachal Pradesh Cricket Association Stadium,6,field,0,1,0,by wickets,6.0,6.0,232.0,474,496,Dharamsala,India,Kings XI Punjab,KXIP,Delhi Daredevils,DD,2012,162,190,315
548330,16-Apr-12,7,6,5,Wankhede Stadium,6,field,0,1,0,by wickets,7.0,6.0,293.0,474,488,Mumbai,India,Mumbai Indians,MI,Delhi Daredevils,DD,2012,162,190,315
548312,5-Apr-12,1,6,5,Eden Gardens,6,field,0,1,0,by wickets,8.0,6.0,29.0,483,482,Kolkata,India,Kolkata Knight Riders,KKR,Delhi Daredevils,DD,2012,162,190,315
548354,1-May-12,5,6,5,Sawai Mansingh Stadium,5,bat,0,1,0,by wickets,6.0,6.0,322.0,494,490,Jaipur,India,Rajasthan Royals,RR,Delhi Daredevils,DD,2012,162,190,315
548334,10-May-12,8,6,5,"Rajiv Gandhi International Stadium, Uppal",8,bat,0,1,0,by wickets,9.0,6.0,187.0,494,490,Hyderabad,India,Deccan Chargers,DC,Delhi Daredevils,DD,2012,162,190,315
548369,12-May-12,3,6,5,"MA Chidambaram Stadium, Chepauk",3,field,0,1,0,by wickets,9.0,3.0,451.0,491,478,Chennai,India,Chennai Super Kings,CSK,Delhi Daredevils,DD,2012,162,190,315
548342,24-Apr-12,10,6,5,Subrata Roy Sahara Stadium,10,bat,0,1,0,by wickets,8.0,6.0,41.0,489,518,Pune,India,Pune Warriors,PW,Delhi Daredevils,DD,2012,162,190,315
548361,6-May-12,2,8,5,M Chinnaswamy Stadium,2,field,0,1,0,by wickets,5.0,2.0,110.0,482,497,Bangalore,India,Royal Challengers Bangalore,RCB,Deccan Chargers,DC,2012,162,190,315
548371,13-May-12,4,8,5,"Punjab Cricket Association Stadium, Mohali",8,bat,0,1,0,by wickets,4.0,4.0,4.0,482,497,Chandigarh,India,Kings XI Punjab,KXIP,Deccan Chargers,DC,2012,162,190,315
548326,19-Apr-12,6,8,5,Feroz Shah Kotla,8,bat,0,1,0,by wickets,5.0,6.0,158.0,474,488,Delhi,India,Delhi Daredevils,DD,Deccan Chargers,DC,2012,162,190,315
548351,29-Apr-12,7,8,5,Wankhede Stadium,7,field,0,1,0,by wickets,5.0,7.0,94.0,495,497,Mumbai,India,Mumbai Indians,MI,Deccan Chargers,DC,2012,162,190,315
548331,17-Apr-12,5,8,5,Sawai Mansingh Stadium,8,bat,0,1,0,by wickets,5.0,5.0,104.0,472,497,Jaipur,India,Rajasthan Royals,RR,Deccan Chargers,DC,2012,162,190,315
548357,4-May-12,3,8,5,"MA Chidambaram Stadium, Chepauk",3,bat,0,1,0,by runs,10.0,3.0,21.0,482,497,Chennai,India,Chennai Super Kings,CSK,Deccan Chargers,DC,2012,162,190,315
548346,26-Apr-12,10,8,5,Subrata Roy Sahara Stadium,8,bat,0,1,0,by runs,18.0,8.0,10.0,489,518,Pune,India,Pune Warriors,PW,Deccan Chargers,DC,2012,162,190,315
548332,17-Apr-12,2,10,5,M Chinnaswamy Stadium,10,bat,0,1,0,by wickets,6.0,2.0,162.0,483,491,Bangalore,India,Royal Challengers Bangalore,RCB,Pune Warriors,PW,2012,162,190,315
548324,12-Apr-12,4,10,5,"Punjab Cricket Association Stadium, Mohali",4,field,0,1,0,by wickets,7.0,4.0,137.0,496,488,Chandigarh,India,Kings XI Punjab,KXIP,Pune Warriors,PW,2012,162,190,315
548338,21-Apr-12,6,10,5,Feroz Shah Kotla,6,field,0,1,0,by runs,20.0,10.0,1.0,470,491,Delhi,India,Delhi Daredevils,DD,Pune Warriors,PW,2012,162,190,315
548313,6-Apr-12,7,10,5,Wankhede Stadium,7,field,0,1,0,by runs,28.0,10.0,306.0,495,490,Mumbai,India,Mumbai Indians,MI,Pune Warriors,PW,2012,162,190,315
548358,5-May-12,1,10,5,Eden Gardens,1,bat,0,1,0,by runs,7.0,1.0,315.0,474,488,Kolkata,India,Kolkata Knight Riders,KKR,Pune Warriors,PW,2012,162,190,315
548370,13-May-12,5,10,5,Sawai Mansingh Stadium,5,bat,0,1,0,by runs,45.0,5.0,335.0,474,488,Jaipur,India,Rajasthan Royals,RR,Pune Warriors,PW,2012,162,190,315
548353,1-May-12,8,10,5,Barabati Stadium,8,bat,0,1,0,by runs,13.0,8.0,26.0,472,495,Cuttack,India,Deccan Chargers,DC,Pune Warriors,PW,2012,162,190,315
548335,19-Apr-12,3,10,5,"MA Chidambaram Stadium, Chepauk",10,field,0,1,0,by runs,13.0,3.0,324.0,470,491,Chennai,India,Chennai Super Kings,CSK,Pune Warriors,PW,2012,162,190,315
548336,20-Apr-12,4,2,5,"Punjab Cricket Association Stadium, Mohali",2,field,0,1,0,by wickets,5.0,2.0,162.0,489,518,Chandigarh,India,Kings XI Punjab,KXIP,Royal Challengers Bangalore,RCB,2012,162,190,315
548377,17-May-12,6,2,5,Feroz Shah Kotla,6,field,0,1,0,by runs,21.0,2.0,162.0,482,499,Delhi,India,Delhi Daredevils,DD,Royal Challengers Bangalore,RCB,2012,162,190,315
548365,9-May-12,7,2,5,Wankhede Stadium,2,field,0,1,0,by wickets,9.0,2.0,162.0,474,496,Mumbai,India,Mumbai Indians,MI,Royal Challengers Bangalore,RCB,2012,162,190,315
548349,28-Apr-12,1,2,5,Eden Gardens,1,bat,0,1,0,by runs,47.0,1.0,40.0,470,478,Kolkata,India,Kolkata Knight Riders,KKR,Royal Challengers Bangalore,RCB,2012,162,190,315
548341,23-Apr-12,5,2,5,Sawai Mansingh Stadium,5,field,0,1,0,by runs,46.0,2.0,110.0,470,483,Jaipur,India,Rajasthan Royals,RR,Royal Challengers Bangalore,RCB,2012,162,190,315
548381,20-May-12,8,2,5,"Rajiv Gandhi International Stadium, Uppal",2,field,0,1,0,by runs,9.0,8.0,94.0,489,490,Hyderabad,India,Deccan Chargers,DC,Royal Challengers Bangalore,RCB,2012,162,190,315
548323,12-Apr-12,3,2,5,"MA Chidambaram Stadium, Chepauk",2,bat,0,1,0,by wickets,5.0,3.0,303.0,482,518,Chennai,India,Chennai Super Kings,CSK,Royal Challengers Bangalore,RCB,2012,162,190,315
548367,11-May-12,10,2,5,Subrata Roy Sahara Stadium,10,field,0,1,0,by runs,35.0,2.0,162.0,474,488,Pune,India,Pune Warriors,PW,Royal Challengers Bangalore,RCB,2012,162,190,315
598013,11-Apr-13,2,1,6,M Chinnaswamy Stadium,2,field,0,1,0,by wickets,8.0,2.0,162.0,470,495,Bangalore,India,Royal Challengers Bangalore,RCB,Kolkata Knight Riders,KKR,2013,19,71,32
598021,16-Apr-13,4,1,6,"Punjab Cricket Association Stadium, Mohali",1,field,0,1,0,by runs,4.0,4.0,120.0,498,490,Chandigarh,India,Kings XI Punjab,KXIP,Kolkata Knight Riders,KKR,2013,19,71,32
598045,1-May-13,6,1,6,Shaheed Veer Narayan Singh International Stadium,1,bat,0,1,0,by wickets,7.0,6.0,187.0,482,498,Raipur,India,Delhi Daredevils,DD,Kolkata Knight Riders,KKR,2013,19,71,32
598055,7-May-13,7,1,6,Wankhede Stadium,7,bat,0,1,0,by runs,65.0,7.0,133.0,482,489,Mumbai,India,Mumbai Indians,MI,Kolkata Knight Riders,KKR,2013,19,71,32
598010,8-Apr-13,5,1,6,Sawai Mansingh Stadium,1,field,0,1,0,by runs,19.0,5.0,39.0,472,491,Jaipur,India,Rajasthan Royals,RR,Kolkata Knight Riders,KKR,2013,19,71,32
598039,28-Apr-13,3,1,6,"MA Chidambaram Stadium, Chepauk",1,field,0,1,0,by runs,14.0,3.0,19.0,472,490,Chennai,India,Chennai Super Kings,CSK,Kolkata Knight Riders,KKR,2013,19,71,32
598058,9-May-13,10,1,6,Subrata Roy Sahara Stadium,1,bat,0,1,0,by runs,46.0,1.0,40.0,470,483,Pune,India,Pune Warriors,PW,Kolkata Knight Riders,KKR,2013,19,71,32
598074,19-May-13,11,1,6,"Rajiv Gandhi International Stadium, Uppal",1,bat,0,1,0,by wickets,5.0,11.0,17.0,470,483,Hyderabad,India,Sunrisers Hyderabad,SRH,Kolkata Knight Riders,KKR,2013,19,71,32
598028,20-Apr-13,2,5,6,M Chinnaswamy Stadium,2,field,0,1,0,by wickets,7.0,2.0,81.0,472,499,Bangalore,India,Royal Challengers Bangalore,RCB,Rajasthan Royals,RR,2013,19,71,32
598057,9-May-13,4,5,6,"Punjab Cricket Association Stadium, Mohali",5,field,0,1,0,by wickets,8.0,5.0,309.0,482,489,Chandigarh,India,Kings XI Punjab,KXIP,Rajasthan Royals,RR,2013,19,71,32
598006,6-Apr-13,6,5,6,Feroz Shah Kotla,5,bat,0,1,0,by runs,5.0,5.0,6.0,491,499,Delhi,India,Delhi Daredevils,DD,Rajasthan Royals,RR,2013,19,71,32
598068,15-May-13,7,5,6,Wankhede Stadium,5,field,0,1,0,by runs,14.0,7.0,207.0,470,483,Mumbai,India,Mumbai Indians,MI,Rajasthan Royals,RR,2013,19,71,32
598077,24-May-13,7,5,6,Eden Gardens,5,bat,0,1,0,by wickets,4.0,7.0,50.0,499,490,Kolkata,India,Mumbai Indians,MI,Rajasthan Royals,RR,2013,19,71,32
598048,3-May-13,1,5,6,Eden Gardens,5,bat,0,1,0,by wickets,8.0,1.0,31.0,482,498,Kolkata,India,Kolkata Knight Riders,KKR,Rajasthan Royals,RR,2013,19,71,32
598031,22-Apr-13,3,5,6,"MA Chidambaram Stadium, Chepauk",5,bat,0,1,0,by wickets,5.0,3.0,19.0,483,495,Chennai,India,Chennai Super Kings,CSK,Rajasthan Royals,RR,2013,19,71,32
598014,11-Apr-13,10,5,6,Subrata Roy Sahara Stadium,5,bat,0,1,0,by wickets,7.0,10.0,254.0,481,503,Pune,India,Pune Warriors,PW,Rajasthan Royals,RR,2013,19,71,32
598070,17-May-13,11,5,6,"Rajiv Gandhi International Stadium, Uppal",11,bat,0,1,0,by runs,23.0,11.0,136.0,470,495,Hyderabad,India,Sunrisers Hyderabad,SRH,Rajasthan Royals,RR,2013,19,71,32
598073,18-May-13,2,3,6,M Chinnaswamy Stadium,3,field,0,1,0,by runs,24.0,2.0,8.0,499,518,Bangalore,India,Royal Challengers Bangalore,RCB,Chennai Super Kings,CSK,2013,19,71,32
598012,10-Apr-13,4,3,6,"Punjab Cricket Association Stadium, Mohali",3,field,0,1,0,by wickets,10.0,3.0,19.0,472,499,Chandigarh,India,Kings XI Punjab,KXIP,Chennai Super Kings,CSK,2013,19,71,32
598025,18-Apr-13,6,3,6,Feroz Shah Kotla,3,bat,0,1,0,by runs,86.0,3.0,19.0,481,496,Delhi,India,Delhi Daredevils,DD,Chennai Super Kings,CSK,2013,19,71,32
598051,5-May-13,7,3,6,Wankhede Stadium,7,bat,0,1,0,by runs,60.0,7.0,357.0,482,498,Mumbai,India,Mumbai Indians,MI,Chennai Super Kings,CSK,2013,19,71,32
598027,20-Apr-13,1,3,6,Eden Gardens,1,bat,0,1,0,by wickets,4.0,3.0,35.0,470,495,Kolkata,India,Kolkata Knight Riders,KKR,Chennai Super Kings,CSK,2013,19,71,32
598063,12-May-13,5,3,6,Sawai Mansingh Stadium,5,field,0,1,0,by wickets,5.0,5.0,32.0,482,498,Jaipur,India,Rajasthan Royals,RR,Chennai Super Kings,CSK,2013,19,71,32
598043,30-Apr-13,10,3,6,Subrata Roy Sahara Stadium,3,bat,0,1,0,by runs,37.0,3.0,20.0,491,490,Pune,India,Pune Warriors,PW,Chennai Super Kings,CSK,2013,19,71,32
598056,8-May-13,11,3,6,"Rajiv Gandhi International Stadium, Uppal",11,field,0,1,0,by runs,77.0,3.0,21.0,491,500,Hyderabad,India,Sunrisers Hyderabad,SRH,Chennai Super Kings,CSK,2013,19,71,32
598050,14-May-13,2,4,6,M Chinnaswamy Stadium,4,field,0,1,0,by wickets,7.0,4.0,53.0,482,489,Bangalore,India,Royal Challengers Bangalore,RCB,Kings XI Punjab,KXIP,2013,19,71,32
598064,23-Apr-13,6,4,6,Feroz Shah Kotla,4,field,0,1,0,by wickets,5.0,4.0,256.0,496,503,Delhi,India,Delhi Daredevils,DD,Kings XI Punjab,KXIP,2013,19,71,32
598042,29-Apr-13,7,4,6,Wankhede Stadium,7,bat,0,1,0,by runs,4.0,7.0,57.0,470,495,Mumbai,India,Mumbai Indians,MI,Kings XI Punjab,KXIP,2013,19,71,32
598036,26-Apr-13,1,4,6,Eden Gardens,4,bat,0,1,0,by wickets,6.0,1.0,9.0,498,489,Kolkata,India,Kolkata Knight Riders,KKR,Kings XI Punjab,KXIP,2013,19,71,32
598019,14-Apr-13,5,4,6,Sawai Mansingh Stadium,5,field,0,1,0,by wickets,6.0,5.0,310.0,472,499,Jaipur,India,Rajasthan Royals,RR,Kings XI Punjab,KXIP,2013,19,71,32
598046,2-May-13,3,4,6,"MA Chidambaram Stadium, Chepauk",3,bat,0,1,0,by runs,15.0,3.0,21.0,481,496,Chennai,India,Chennai Super Kings,CSK,Kings XI Punjab,KXIP,2013,19,71,32
598008,7-Apr-13,10,4,6,Subrata Roy Sahara Stadium,10,bat,0,1,0,by wickets,8.0,4.0,345.0,483,490,Pune,India,Pune Warriors,PW,Kings XI Punjab,KXIP,2013,19,71,32
598026,19-Apr-13,11,4,6,"Rajiv Gandhi International Stadium, Uppal",4,bat,0,1,0,by wickets,5.0,11.0,340.0,482,498,Hyderabad,India,Sunrisers Hyderabad,SRH,Kings XI Punjab,KXIP,2013,19,71,32
598004,4-Apr-13,2,7,6,M Chinnaswamy Stadium,7,field,0,1,0,by runs,2.0,2.0,162.0,496,499,Bangalore,India,Royal Challengers Bangalore,RCB,Mumbai Indians,MI,2013,19,71,32
598071,18-May-13,4,7,6,Himachal Pradesh Cricket Association Stadium,7,field,0,1,0,by runs,50.0,4.0,321.0,482,498,Dharamsala,India,Kings XI Punjab,KXIP,Mumbai Indians,MI,2013,19,71,32
598029,21-Apr-13,6,7,6,Feroz Shah Kotla,7,bat,0,1,0,by wickets,9.0,6.0,41.0,482,489,Delhi,India,Delhi Daredevils,DD,Mumbai Indians,MI,2013,19,71,32
598034,24-Apr-13,1,7,6,Eden Gardens,1,bat,0,1,0,by wickets,5.0,7.0,147.0,482,489,Kolkata,India,Kolkata Knight Riders,KKR,Mumbai Indians,MI,2013,19,71,32
598024,17-Apr-13,5,7,6,Sawai Mansingh Stadium,5,bat,0,1,0,by runs,87.0,5.0,85.0,472,499,Jaipur,India,Rajasthan Royals,RR,Mumbai Indians,MI,2013,19,71,32
598007,6-Apr-13,3,7,6,"MA Chidambaram Stadium, Chepauk",7,bat,0,1,0,by runs,9.0,7.0,221.0,481,496,Chennai,India,Chennai Super Kings,CSK,Mumbai Indians,MI,2013,19,71,32
598075,21-May-13,3,7,6,Feroz Shah Kotla,3,bat,0,1,0,by runs,48.0,3.0,19.0,500,518,Delhi,India,Chennai Super Kings,CSK,Mumbai Indians,MI,2013,19,71,32
598078,26-May-13,3,7,6,Eden Gardens,7,bat,0,1,0,by runs,23.0,7.0,221.0,482,490,Kolkata,India,Chennai Super Kings,CSK,Mumbai Indians,MI,2013,19,71,32
598060,11-May-13,10,7,6,Subrata Roy Sahara Stadium,10,bat,0,1,0,by wickets,5.0,7.0,357.0,470,495,Pune,India,Pune Warriors,PW,Mumbai Indians,MI,2013,19,71,32
598044,1-May-13,11,7,6,"Rajiv Gandhi International Stadium, Uppal",7,bat,0,1,0,by wickets,7.0,11.0,84.0,470,483,Hyderabad,India,Sunrisers Hyderabad,SRH,Mumbai Indians,MI,2013,19,71,32
598022,16-Apr-13,2,6,6,M Chinnaswamy Stadium,2,field,1,1,0,Tie,0,2.0,8.0,481,496,Bangalore,India,Royal Challengers Bangalore,RCB,Delhi Daredevils,DD,2013,19,71,32
598033,16-May-13,4,6,6,Himachal Pradesh Cricket Association Stadium,6,field,0,1,0,by runs,7.0,4.0,320.0,482,489,Dharamsala,India,Kings XI Punjab,KXIP,Delhi Daredevils,DD,2013,19,71,32
598011,9-Apr-13,7,6,6,Wankhede Stadium,7,bat,0,1,0,by runs,44.0,7.0,88.0,481,496,Mumbai,India,Mumbai Indians,MI,Delhi Daredevils,DD,2013,19,71,32
598003,3-Apr-13,1,6,6,Eden Gardens,1,field,0,1,0,by wickets,6.0,1.0,315.0,489,490,Kolkata,India,Kolkata Knight Riders,KKR,Delhi Daredevils,DD,2013,19,71,32
598054,7-May-13,5,6,6,Sawai Mansingh Stadium,6,bat,0,1,0,by wickets,9.0,5.0,85.0,472,518,Jaipur,India,Rajasthan Royals,RR,Delhi Daredevils,DD,2013,19,71,32
598067,14-May-13,3,6,6,"MA Chidambaram Stadium, Chepauk",3,bat,0,1,0,by runs,33.0,3.0,20.0,499,518,Chennai,India,Chennai Super Kings,CSK,Delhi Daredevils,DD,2013,19,71,32
598072,19-May-13,10,6,6,Subrata Roy Sahara Stadium,10,bat,0,1,0,by runs,38.0,10.0,358.0,500,490,Pune,India,Pune Warriors,PW,Delhi Daredevils,DD,2013,19,71,32
598049,4-May-13,11,6,6,"Rajiv Gandhi International Stadium, Uppal",6,bat,0,1,0,by wickets,6.0,11.0,362.0,470,483,Hyderabad,India,Sunrisers Hyderabad,SRH,Delhi Daredevils,DD,2013,19,71,32
598032,23-Apr-13,2,10,6,M Chinnaswamy Stadium,10,field,0,1,0,by runs,130.0,2.0,162.0,472,499,Bangalore,India,Royal Challengers Bangalore,RCB,Pune Warriors,PW,2013,19,71,32
598030,21-Apr-13,4,10,6,"Punjab Cricket Association Stadium, Mohali",4,field,0,1,0,by wickets,7.0,4.0,320.0,481,503,Chandigarh,India,Kings XI Punjab,KXIP,Pune Warriors,PW,2013,19,71,32
598040,28-Apr-13,6,10,6,Shaheed Veer Narayan Singh International Stadium,10,field,0,1,0,by runs,15.0,6.0,187.0,498,489,Raipur,India,Delhi Daredevils,DD,Pune Warriors,PW,2013,19,71,32
598016,13-Apr-13,7,10,6,Wankhede Stadium,7,bat,0,1,0,by runs,41.0,7.0,57.0,489,490,Mumbai,India,Mumbai Indians,MI,Pune Warriors,PW,2013,19,71,32
598066,15-May-13,1,10,6,JSCA International Stadium Complex,1,field,0,1,0,by runs,7.0,10.0,96.0,500,503,Ranchi,India,Kolkata Knight Riders,KKR,Pune Warriors,PW,2013,19,71,32
598052,5-May-13,5,10,6,Sawai Mansingh Stadium,10,bat,0,1,0,by wickets,5.0,5.0,85.0,499,518,Jaipur,India,Rajasthan Royals,RR,Pune Warriors,PW,2013,19,71,32
598020,15-Apr-13,3,10,6,"MA Chidambaram Stadium, Chepauk",10,bat,0,1,0,by runs,24.0,10.0,306.0,470,495,Chennai,India,Chennai Super Kings,CSK,Pune Warriors,PW,2013,19,71,32
598005,5-Apr-13,11,10,6,"Rajiv Gandhi International Stadium, Uppal",10,field,0,1,0,by runs,22.0,11.0,136.0,489,490,Hyderabad,India,Sunrisers Hyderabad,SRH,Pune Warriors,PW,2013,19,71,32
598053,9-Apr-13,2,11,6,M Chinnaswamy Stadium,11,bat,0,1,0,by wickets,7.0,2.0,8.0,489,490,Bangalore,India,Royal Challengers Bangalore,RCB,Sunrisers Hyderabad,SRH,2013,19,71,32
598061,11-May-13,4,11,6,"Punjab Cricket Association Stadium, Mohali",4,field,0,1,0,by runs,30.0,11.0,17.0,491,518,Chandigarh,India,Kings XI Punjab,KXIP,Sunrisers Hyderabad,SRH,2013,19,71,32
598015,12-Apr-13,6,11,6,Feroz Shah Kotla,6,bat,0,1,0,by wickets,3.0,11.0,136.0,472,519,Delhi,India,Delhi Daredevils,DD,Sunrisers Hyderabad,SRH,2013,19,71,32
598065,13-May-13,7,11,6,Wankhede Stadium,11,bat,0,1,0,by wickets,7.0,7.0,221.0,495,490,Mumbai,India,Mumbai Indians,MI,Sunrisers Hyderabad,SRH,2013,19,71,32
598018,14-Apr-13,1,11,6,Eden Gardens,1,bat,0,1,0,by runs,48.0,1.0,40.0,481,496,Kolkata,India,Kolkata Knight Riders,KKR,Sunrisers Hyderabad,SRH,2013,19,71,32
598037,27-Apr-13,5,11,6,Sawai Mansingh Stadium,11,bat,0,1,0,by wickets,8.0,5.0,310.0,496,503,Jaipur,India,Rajasthan Royals,RR,Sunrisers Hyderabad,SRH,2013,19,71,32
598076,22-May-13,5,11,6,Feroz Shah Kotla,11,bat,0,1,0,by wickets,4.0,5.0,104.0,489,518,Delhi,India,Rajasthan Royals,RR,Sunrisers Hyderabad,SRH,2013,19,71,32
598035,25-Apr-13,3,11,6,"MA Chidambaram Stadium, Chepauk",11,bat,0,1,0,by wickets,5.0,3.0,20.0,472,491,Chennai,India,Chennai Super Kings,CSK,Sunrisers Hyderabad,SRH,2013,19,71,32
598023,17-Apr-13,10,11,6,Subrata Roy Sahara Stadium,10,field,0,1,0,by runs,11.0,11.0,136.0,470,495,Pune,India,Pune Warriors,PW,Sunrisers Hyderabad,SRH,2013,19,71,32
598069,6-May-13,4,2,6,"Punjab Cricket Association Stadium, Mohali",4,field,0,1,0,by wickets,6.0,4.0,320.0,496,500,Chandigarh,India,Kings XI Punjab,KXIP,Royal Challengers Bangalore,RCB,2013,19,71,32
598059,10-May-13,6,2,6,Feroz Shah Kotla,6,field,0,1,0,by runs,4.0,2.0,346.0,500,503,Delhi,India,Delhi Daredevils,DD,Royal Challengers Bangalore,RCB,2013,19,71,32
598038,27-Apr-13,7,2,6,Wankhede Stadium,7,bat,0,1,0,by runs,58.0,7.0,147.0,470,483,Mumbai,India,Mumbai Indians,MI,Royal Challengers Bangalore,RCB,2013,19,71,32
598062,12-May-13,1,2,6,JSCA International Stadium Complex,1,field,0,1,0,by wickets,5.0,1.0,9.0,500,503,Ranchi,India,Kolkata Knight Riders,KKR,Royal Challengers Bangalore,RCB,2013,19,71,32
598041,29-Apr-13,5,2,6,Sawai Mansingh Stadium,5,field,0,1,0,by wickets,4.0,5.0,351.0,481,503,Jaipur,India,Rajasthan Royals,RR,Royal Challengers Bangalore,RCB,2013,19,71,32
598017,13-Apr-13,3,2,6,"MA Chidambaram Stadium, Chepauk",3,field,0,1,0,by wickets,4.0,3.0,35.0,470,495,Chennai,India,Chennai Super Kings,CSK,Royal Challengers Bangalore,RCB,2013,19,71,32
598047,2-May-13,10,2,6,Subrata Roy Sahara Stadium,2,bat,0,1,0,by runs,17.0,2.0,110.0,472,499,Pune,India,Pune Warriors,PW,Royal Challengers Bangalore,RCB,2013,19,71,32
598009,7-Apr-13,11,2,6,"Rajiv Gandhi International Stadium, Uppal",2,bat,1,1,0,Tie,0,11.0,340.0,495,489,Hyderabad,India,Sunrisers Hyderabad,SRH,Royal Challengers Bangalore,RCB,2013,19,71,32
729304,24-Apr-14,2,1,7,Sharjah Cricket Stadium,2,field,0,1,0,by runs,2.0,1.0,336.0,472,496,Abu Dhabi,U.A.E,Royal Challengers Bangalore,RCB,Kolkata Knight Riders,KKR,2014,46,364,305
734002,11-May-14,4,1,7,Barabati Stadium,1,field,0,1,0,by wickets,9.0,1.0,40.0,500,498,Cuttack,India,Kings XI Punjab,KXIP,Kolkata Knight Riders,KKR,2014,46,364,305
734048,27-May-14,4,1,7,Eden Gardens,4,field,0,1,0,by runs,28.0,1.0,232.0,500,489,Kolkata,India,Kings XI Punjab,KXIP,Kolkata Knight Riders,KKR,2014,46,364,305
733990,7-May-14,6,1,7,Feroz Shah Kotla,6,bat,0,1,0,by wickets,8.0,1.0,40.0,497,499,Delhi,India,Delhi Daredevils,DD,Kolkata Knight Riders,KKR,2014,46,364,305
729284,16-Apr-14,7,1,7,Sheikh Zayed Stadium,1,bat,0,1,0,by runs,41.0,1.0,9.0,481,501,Abu Dhabi,U.A.E,Mumbai Indians,MI,Kolkata Knight Riders,KKR,2014,46,364,305
733984,5-May-14,5,1,7,"Sardar Patel Stadium, Motera",1,field,0,1,0,by runs,10.0,5.0,370.0,500,498,Ahmedabad,India,Rajasthan Royals,RR,Kolkata Knight Riders,KKR,2014,46,364,305
733976,2-May-14,3,1,7,JSCA International Stadium Complex,3,bat,0,1,0,by runs,34.0,3.0,35.0,495,500,Ranchi,India,Chennai Super Kings,CSK,Kolkata Knight Riders,KKR,2014,46,364,305
734020,18-May-14,11,1,7,"Rajiv Gandhi International Stadium, Uppal",11,bat,0,1,0,by wickets,7.0,1.0,232.0,500,498,Hyderabad,India,Sunrisers Hyderabad,SRH,Kolkata Knight Riders,KKR,2014,46,364,305
734004,11-May-14,2,5,7,M Chinnaswamy Stadium,2,bat,0,1,0,by wickets,5.0,5.0,310.0,489,518,Bangalore,India,Royal Challengers Bangalore,RCB,Rajasthan Royals,RR,2014,46,364,305
734038,23-May-14,4,5,7,"Punjab Cricket Association Stadium, Mohali",5,field,0,1,0,by runs,16.0,4.0,100.0,482,506,Chandigarh,India,Kings XI Punjab,KXIP,Rajasthan Royals,RR,2014,46,364,305
733980,3-May-14,6,5,7,Feroz Shah Kotla,5,field,0,1,0,by wickets,7.0,5.0,339.0,485,489,Delhi,India,Delhi Daredevils,DD,Rajasthan Royals,RR,2014,46,364,305
734046,25-May-14,7,5,7,Wankhede Stadium,7,field,0,1,0,by wickets,5.0,7.0,372.0,503,518,Mumbai,India,Mumbai Indians,MI,Rajasthan Royals,RR,2014,46,364,305
729320,29-Apr-14,1,5,7,Sheikh Zayed Stadium,5,bat,1,1,0,Tie,0,5.0,310.0,472,495,Abu Dhabi,U.A.E,Kolkata Knight Riders,KKR,Rajasthan Royals,RR,2014,46,364,305
734008,13-May-14,3,5,7,JSCA International Stadium Complex,5,bat,0,1,0,by wickets,5.0,3.0,35.0,497,499,Ranchi,India,Chennai Super Kings,CSK,Rajasthan Royals,RR,2014,46,364,305
729290,18-Apr-14,11,5,7,Sheikh Zayed Stadium,5,field,0,1,0,by wickets,4.0,5.0,85.0,474,501,Abu Dhabi,U.A.E,Sunrisers Hyderabad,SRH,Rajasthan Royals,RR,2014,46,364,305
734040,24-May-14,2,3,7,M Chinnaswamy Stadium,3,field,0,1,0,by wickets,8.0,3.0,20.0,495,500,Bangalore,India,Royal Challengers Bangalore,RCB,Chennai Super Kings,CSK,2014,46,364,305
733992,7-May-14,4,3,7,Barabati Stadium,3,field,0,1,0,by runs,44.0,4.0,305.0,482,506,Cuttack,India,Kings XI Punjab,KXIP,Chennai Super Kings,CSK,2014,46,364,305
733986,5-May-14,6,3,7,Feroz Shah Kotla,3,field,0,1,0,by wickets,8.0,3.0,147.0,502,497,Delhi,India,Delhi Daredevils,DD,Chennai Super Kings,CSK,2014,46,364,305
734000,10-May-14,7,3,7,Wankhede Stadium,3,field,0,1,0,by wickets,4.0,3.0,147.0,482,496,Mumbai,India,Mumbai Indians,MI,Chennai Super Kings,CSK,2014,46,364,305
734028,20-May-14,1,3,7,Eden Gardens,1,field,0,1,0,by wickets,8.0,1.0,46.0,502,499,Kolkata,India,Kolkata Knight Riders,KKR,Chennai Super Kings,CSK,2014,46,364,305
729302,23-Apr-14,5,3,7,Dubai International Cricket Stadium,5,field,0,1,0,by runs,7.0,3.0,35.0,482,501,Abu Dhabi,U.A.E,Rajasthan Royals,RR,Chennai Super Kings,CSK,2014,46,364,305
729316,27-Apr-14,11,3,7,Sharjah Cricket Stadium,11,bat,0,1,0,by wickets,5.0,3.0,147.0,495,496,Abu Dhabi,U.A.E,Sunrisers Hyderabad,SRH,Chennai Super Kings,CSK,2014,46,364,305
733996,9-May-14,2,4,7,M Chinnaswamy Stadium,2,field,0,1,0,by runs,32.0,4.0,367.0,489,503,Bangalore,India,Royal Challengers Bangalore,RCB,Kings XI Punjab,KXIP,2014,46,364,305
734024,19-May-14,6,4,7,Feroz Shah Kotla,4,field,0,1,0,by wickets,4.0,4.0,374.0,482,506,Delhi,India,Delhi Daredevils,DD,Kings XI Punjab,KXIP,2014,46,364,305
733978,3-May-14,7,4,7,Wankhede Stadium,4,bat,0,1,0,by wickets,5.0,7.0,372.0,497,499,Mumbai,India,Mumbai Indians,MI,Kings XI Punjab,KXIP,2014,46,364,305
729312,26-Apr-14,1,4,7,Sheikh Zayed Stadium,1,field,0,1,0,by runs,23.0,4.0,367.0,482,501,Abu Dhabi,U.A.E,Kolkata Knight Riders,KKR,Kings XI Punjab,KXIP,2014,46,364,305
734054,1-Jun-14,1,4,7,M Chinnaswamy Stadium,1,field,0,1,0,by wickets,3.0,1.0,96.0,482,497,Bangalore,India,Kolkata Knight Riders,KKR,Kings XI Punjab,KXIP,2014,46,364,305
729296,20-Apr-14,5,4,7,Sharjah Cricket Stadium,4,field,0,1,0,by wickets,7.0,4.0,305.0,474,481,Abu Dhabi,U.A.E,Rajasthan Royals,RR,Kings XI Punjab,KXIP,2014,46,364,305
729288,18-Apr-14,3,4,7,Sheikh Zayed Stadium,3,bat,0,1,0,by wickets,6.0,4.0,305.0,501,499,Abu Dhabi,U.A.E,Chennai Super Kings,CSK,Kings XI Punjab,KXIP,2014,46,364,305
734052,30-May-14,3,4,7,Wankhede Stadium,3,field,0,1,0,by runs,24.0,4.0,41.0,482,518,Mumbai,India,Chennai Super Kings,CSK,Kings XI Punjab,KXIP,2014,46,364,305
734012,14-May-14,11,4,7,"Rajiv Gandhi International Stadium, Uppal",4,field,0,1,0,by wickets,6.0,4.0,62.0,496,506,Hyderabad,India,Sunrisers Hyderabad,SRH,Kings XI Punjab,KXIP,2014,46,364,305
729292,19-Apr-14,2,7,7,Dubai International Cricket Stadium,2,field,0,1,0,by wickets,7.0,2.0,17.0,472,495,Abu Dhabi,U.A.E,Royal Challengers Bangalore,RCB,Mumbai Indians,MI,2014,46,364,305
734030,21-May-14,4,7,7,"Punjab Cricket Association Stadium, Mohali",7,field,0,1,0,by wickets,7.0,7.0,383.0,482,496,Chandigarh,India,Kings XI Punjab,KXIP,Mumbai Indians,MI,2014,46,364,305
729314,27-Apr-14,6,7,7,Sharjah Cricket Stadium,7,bat,0,1,0,by wickets,6.0,6.0,185.0,472,496,Abu Dhabi,U.A.E,Delhi Daredevils,DD,Mumbai Indians,MI,2014,46,364,305
734014,14-May-14,1,7,7,Barabati Stadium,1,field,0,1,0,by wickets,6.0,1.0,46.0,495,500,Cuttack,India,Kolkata Knight Riders,KKR,Mumbai Indians,MI,2014,46,364,305
734022,19-May-14,5,7,7,"Sardar Patel Stadium, Motera",7,bat,0,1,0,by runs,25.0,7.0,19.0,489,518,Ahmedabad,India,Rajasthan Royals,RR,Mumbai Indians,MI,2014,46,364,305
729308,25-Apr-14,3,7,7,Dubai International Cricket Stadium,7,bat,0,1,0,by wickets,7.0,3.0,364.0,474,481,Abu Dhabi,U.A.E,Chennai Super Kings,CSK,Mumbai Indians,MI,2014,46,364,305
734050,28-May-14,3,7,7,Brabourne Stadium,3,field,0,1,0,by wickets,7.0,3.0,21.0,496,497,Mumbai,India,Chennai Super Kings,CSK,Mumbai Indians,MI,2014,46,364,305
734006,12-May-14,11,7,7,"Rajiv Gandhi International Stadium, Uppal",11,bat,0,1,0,by wickets,7.0,7.0,208.0,482,496,Hyderabad,India,Sunrisers Hyderabad,SRH,Mumbai Indians,MI,2014,46,364,305
734010,13-May-14,2,6,7,M Chinnaswamy Stadium,6,field,0,1,0,by runs,16.0,2.0,27.0,503,518,Bangalore,India,Royal Challengers Bangalore,RCB,Delhi Daredevils,DD,2014,46,364,305
734044,25-May-14,4,6,7,"Punjab Cricket Association Stadium, Mohali",4,field,0,1,0,by wickets,7.0,4.0,345.0,482,496,Chandigarh,India,Kings XI Punjab,KXIP,Delhi Daredevils,DD,2014,46,364,305
734036,23-May-14,7,6,7,Wankhede Stadium,6,field,0,1,0,by runs,15.0,7.0,19.0,489,518,Mumbai,India,Mumbai Indians,MI,Delhi Daredevils,DD,2014,46,364,305
729294,19-Apr-14,1,6,7,Dubai International Cricket Stadium,1,bat,0,1,0,by wickets,4.0,6.0,154.0,472,496,Abu Dhabi,U.A.E,Kolkata Knight Riders,KKR,Delhi Daredevils,DD,2014,46,364,305
734016,15-May-14,5,6,7,"Sardar Patel Stadium, Motera",6,field,0,1,0,by runs,62.0,5.0,85.0,489,518,Ahmedabad,India,Rajasthan Royals,RR,Delhi Daredevils,DD,2014,46,364,305
729298,21-Apr-14,3,6,7,Sheikh Zayed Stadium,3,bat,0,1,0,by runs,93.0,3.0,21.0,501,499,Abu Dhabi,U.A.E,Chennai Super Kings,CSK,Delhi Daredevils,DD,2014,46,364,305
729306,25-Apr-14,11,6,7,Dubai International Cricket Stadium,11,bat,0,1,0,by runs,4.0,11.0,254.0,481,489,Abu Dhabi,U.A.E,Sunrisers Hyderabad,SRH,Delhi Daredevils,DD,2014,46,364,305
733982,4-May-14,2,11,7,M Chinnaswamy Stadium,2,field,0,1,0,by wickets,4.0,2.0,110.0,482,496,Bangalore,India,Royal Challengers Bangalore,RCB,Sunrisers Hyderabad,SRH,2014,46,364,305
729300,22-Apr-14,4,11,7,Sharjah Cricket Stadium,11,field,0,1,0,by runs,72.0,4.0,305.0,481,489,Abu Dhabi,U.A.E,Kings XI Punjab,KXIP,Sunrisers Hyderabad,SRH,2014,46,364,305
733998,10-May-14,6,11,7,Feroz Shah Kotla,11,field,0,1,1,by wickets,8.0,11.0,94.0,502,497,Delhi,India,Delhi Daredevils,DD,Sunrisers Hyderabad,SRH,2014,46,364,305
729322,30-Apr-14,7,11,7,Dubai International Cricket Stadium,7,field,0,1,0,by runs,15.0,11.0,299.0,482,481,Abu Dhabi,U.A.E,Mumbai Indians,MI,Sunrisers Hyderabad,SRH,2014,46,364,305
734042,24-May-14,1,11,7,Eden Gardens,1,field,0,1,0,by wickets,4.0,1.0,31.0,502,497,Kolkata,India,Kolkata Knight Riders,KKR,Sunrisers Hyderabad,SRH,2014,46,364,305
733994,8-May-14,5,11,7,"Sardar Patel Stadium, Motera",5,field,0,1,0,by runs,32.0,11.0,299.0,495,500,Ahmedabad,India,Rajasthan Royals,RR,Sunrisers Hyderabad,SRH,2014,46,364,305
734034,22-May-14,3,11,7,JSCA International Stadium Complex,11,field,0,1,0,by wickets,6.0,11.0,187.0,497,499,Ranchi,India,Chennai Super Kings,CSK,Sunrisers Hyderabad,SRH,2014,46,364,305
729318,28-Apr-14,4,2,7,Dubai International Cricket Stadium,4,field,0,1,0,by wickets,5.0,4.0,367.0,474,489,Abu Dhabi,U.A.E,Kings XI Punjab,KXIP,Royal Challengers Bangalore,RCB,2014,46,364,305
729286,17-Apr-14,6,2,7,Sharjah Cricket Stadium,2,field,0,1,0,by wickets,8.0,2.0,382.0,472,489,Abu Dhabi,U.A.E,Delhi Daredevils,DD,Royal Challengers Bangalore,RCB,2014,46,364,305
733988,6-May-14,7,2,7,Wankhede Stadium,2,field,0,1,0,by runs,19.0,7.0,57.0,489,503,Mumbai,India,Mumbai Indians,MI,Royal Challengers Bangalore,RCB,2014,46,364,305
734032,22-May-14,1,2,7,Eden Gardens,2,field,0,1,0,by runs,30.0,1.0,46.0,495,498,Kolkata,India,Kolkata Knight Riders,KKR,Royal Challengers Bangalore,RCB,2014,46,364,305
729310,26-Apr-14,5,2,7,Sheikh Zayed Stadium,5,field,0,1,0,by wickets,6.0,5.0,370.0,482,499,Abu Dhabi,U.A.E,Rajasthan Royals,RR,Royal Challengers Bangalore,RCB,2014,46,364,305
734018,18-May-14,3,2,7,JSCA International Stadium Complex,3,bat,0,1,0,by wickets,5.0,2.0,110.0,497,499,Ranchi,India,Chennai Super Kings,CSK,Royal Challengers Bangalore,RCB,2014,46,364,305
734026,20-May-14,11,2,7,"Rajiv Gandhi International Stadium, Uppal",2,bat,0,1,0,by wickets,7.0,11.0,187.0,495,500,Hyderabad,India,Sunrisers Hyderabad,SRH,Royal Challengers Bangalore,RCB,2014,46,364,305
829776,2-May-15,2,1,8,M Chinnaswamy Stadium,2,field,0,1,0,by wickets,7.0,2.0,236.0,494,506,Bangalore,India,Royal Challengers Bangalore,RCB,Kolkata Knight Riders,KKR,2015,187,71,334
829738,18-Apr-15,4,1,8,Maharashtra Cricket Association Stadium,1,field,0,1,0,by wickets,4.0,1.0,334.0,504,498,Pune,India,Kings XI Punjab,KXIP,Kolkata Knight Riders,KKR,2015,187,71,334
829744,20-Apr-15,6,1,8,Feroz Shah Kotla,1,field,0,1,0,by wickets,6.0,1.0,232.0,504,505,Delhi,India,Delhi Daredevils,DD,Kolkata Knight Riders,KKR,2015,187,71,334
829810,14-May-15,7,1,8,Wankhede Stadium,1,field,0,1,0,by runs,5.0,7.0,400.0,501,496,Mumbai,India,Mumbai Indians,MI,Kolkata Knight Riders,KKR,2015,187,71,334
829816,16-May-15,5,1,8,Brabourne Stadium,5,bat,0,1,0,by runs,9.0,5.0,32.0,502,501,Mumbai,India,Rajasthan Royals,RR,Kolkata Knight Riders,KKR,2015,187,71,334
829770,28-Apr-15,3,1,8,"MA Chidambaram Stadium, Chepauk",1,field,0,1,0,by runs,2.0,3.0,71.0,502,496,Chennai,India,Chennai Super Kings,CSK,Kolkata Knight Riders,KKR,2015,187,71,334
829748,22-Apr-15,11,1,8,Dr. Y.S. Rajasekhara Reddy ACA-VDCA Cricket Stadium,1,field,0,1,1,by runs,16.0,11.0,187.0,501,496,Visakhapatnam,India,Sunrisers Hyderabad,SRH,Kolkata Knight Riders,KKR,2015,187,71,334
829768,29-Apr-15,2,5,8,M Chinnaswamy Stadium,5,field,0,0,0,No Result,0,0,0,494,506,Bangalore,India,Royal Challengers Bangalore,RCB,Rajasthan Royals,RR,2015,187,71,334
829824,20-May-15,2,5,8,Maharashtra Cricket Association Stadium,2,bat,0,1,0,by runs,71.0,2.0,110.0,495,499,Pune,India,Royal Challengers Bangalore,RCB,Rajasthan Royals,RR,2015,187,71,334
829714,10-Apr-15,4,5,8,Maharashtra Cricket Association Stadium,4,field,0,1,0,by runs,26.0,5.0,310.0,504,505,Pune,India,Kings XI Punjab,KXIP,Rajasthan Royals,RR,2015,187,71,334
829720,12-Apr-15,6,5,8,Feroz Shah Kotla,5,field,0,1,0,by wickets,3.0,5.0,394.0,504,505,Delhi,India,Delhi Daredevils,DD,Rajasthan Royals,RR,2015,187,71,334
829774,1-May-15,7,5,8,Wankhede Stadium,5,field,0,1,0,by runs,8.0,7.0,208.0,482,498,Mumbai,India,Mumbai Indians,MI,Rajasthan Royals,RR,2015,187,71,334
829802,10-May-15,3,5,8,"MA Chidambaram Stadium, Chepauk",3,bat,0,1,0,by runs,12.0,3.0,35.0,481,498,Chennai,India,Chennai Super Kings,CSK,Rajasthan Royals,RR,2015,187,71,334
829732,16-Apr-15,11,5,8,Dr. Y.S. Rajasekhara Reddy ACA-VDCA Cricket Stadium,5,field,0,1,0,by wickets,6.0,5.0,85.0,506,489,Visakhapatnam,India,Sunrisers Hyderabad,SRH,Rajasthan Royals,RR,2015,187,71,334
829750,22-Apr-15,2,3,8,M Chinnaswamy Stadium,2,field,0,1,0,by runs,27.0,3.0,21.0,494,499,Bangalore,India,Royal Challengers Bangalore,RCB,Chennai Super Kings,CSK,2015,187,71,334
829814,16-May-15,4,3,8,"Punjab Cricket Association Stadium, Mohali",4,bat,0,1,0,by wickets,7.0,3.0,322.0,498,499,Chandigarh,India,Kings XI Punjab,KXIP,Chennai Super Kings,CSK,2015,187,71,334
829806,12-May-15,6,3,8,Shaheed Veer Narayan Singh International Stadium,3,bat,0,1,0,by wickets,6.0,6.0,15.0,501,496,Raipur,India,Delhi Daredevils,DD,Chennai Super Kings,CSK,2015,187,71,334
829734,17-Apr-15,7,3,8,Wankhede Stadium,7,bat,0,1,0,by wickets,6.0,3.0,73.0,495,481,Mumbai,India,Mumbai Indians,MI,Chennai Super Kings,CSK,2015,187,71,334
829828,24-May-15,7,3,8,Eden Gardens,3,field,0,1,0,by runs,41.0,7.0,57.0,482,501,Kolkata,India,Mumbai Indians,MI,Chennai Super Kings,CSK,2015,187,71,334
829728,30-Apr-15,1,3,8,Eden Gardens,1,field,0,1,0,by wickets,7.0,1.0,334.0,495,481,Kolkata,India,Kolkata Knight Riders,KKR,Chennai Super Kings,CSK,2015,187,71,334
829740,19-Apr-15,5,3,8,"Sardar Patel Stadium, Motera",3,bat,0,1,0,by wickets,8.0,5.0,85.0,495,481,Ahmedabad,India,Rajasthan Royals,RR,Chennai Super Kings,CSK,2015,187,71,334
829778,2-May-15,11,3,8,"Rajiv Gandhi International Stadium, Uppal",3,field,0,1,0,by runs,22.0,11.0,187.0,495,520,Hyderabad,India,Sunrisers Hyderabad,SRH,Chennai Super Kings,CSK,2015,187,71,334
829790,6-May-15,2,4,8,M Chinnaswamy Stadium,4,field,0,1,0,by runs,138.0,2.0,162.0,501,496,Bangalore,India,Royal Challengers Bangalore,RCB,Kings XI Punjab,KXIP,2015,187,71,334
829772,1-May-15,6,4,8,Feroz Shah Kotla,6,field,0,1,0,by wickets,9.0,6.0,371.0,501,489,Delhi,India,Delhi Daredevils,DD,Kings XI Punjab,KXIP,2015,187,71,334
829722,12-Apr-15,7,4,8,Wankhede Stadium,7,field,0,1,0,by runs,18.0,4.0,197.0,495,520,Mumbai,India,Mumbai Indians,MI,Kings XI Punjab,KXIP,2015,187,71,334
829796,9-May-15,1,4,8,Eden Gardens,4,bat,0,1,0,by wickets,1.0,1.0,334.0,495,482,Kolkata,India,Kolkata Knight Riders,KKR,Kings XI Punjab,KXIP,2015,187,71,334
829746,21-Apr-15,5,4,8,"Sardar Patel Stadium, Motera",4,field,1,1,0,Tie,0,4.0,100.0,481,489,Ahmedabad,India,Rajasthan Royals,RR,Kings XI Punjab,KXIP,2015,187,71,334
829758,25-Apr-15,3,4,8,"MA Chidambaram Stadium, Chepauk",3,bat,0,1,0,by runs,97.0,3.0,2.0,494,499,Chennai,India,Chennai Super Kings,CSK,Kings XI Punjab,KXIP,2015,187,71,334
829804,11-May-15,11,4,8,"Rajiv Gandhi International Stadium, Uppal",11,bat,0,1,0,by runs,5.0,11.0,187.0,495,482,Hyderabad,India,Sunrisers Hyderabad,SRH,Kings XI Punjab,KXIP,2015,187,71,334
829742,19-Apr-15,2,7,8,M Chinnaswamy Stadium,2,field,0,1,0,by runs,18.0,7.0,50.0,501,496,Bangalore,India,Royal Challengers Bangalore,RCB,Mumbai Indians,MI,2015,187,71,334
829780,3-May-15,4,7,8,"Punjab Cricket Association Stadium, Mohali",7,bat,0,1,0,by runs,23.0,7.0,383.0,501,496,Chandigarh,India,Kings XI Punjab,KXIP,Mumbai Indians,MI,2015,187,71,334
829752,23-Apr-15,6,7,8,Feroz Shah Kotla,7,field,0,1,0,by runs,37.0,6.0,393.0,504,498,Delhi,India,Delhi Daredevils,DD,Mumbai Indians,MI,2015,187,71,334
829710,8-Apr-15,1,7,8,Eden Gardens,1,field,0,1,0,by wickets,7.0,1.0,190.0,489,499,Kolkata,India,Kolkata Knight Riders,KKR,Mumbai Indians,MI,2015,187,71,334
829726,14-Apr-15,5,7,8,"Sardar Patel Stadium, Motera",7,bat,0,1,0,by wickets,7.0,5.0,306.0,495,504,Ahmedabad,India,Rajasthan Royals,RR,Mumbai Indians,MI,2015,187,71,334
829794,8-May-15,3,7,8,"MA Chidambaram Stadium, Chepauk",3,bat,0,1,0,by wickets,6.0,7.0,400.0,505,498,Chennai,India,Chennai Super Kings,CSK,Mumbai Indians,MI,2015,187,71,334
829822,19-May-15,3,7,8,Wankhede Stadium,7,bat,0,1,0,by runs,25.0,7.0,221.0,482,501,Mumbai,India,Chennai Super Kings,CSK,Mumbai Indians,MI,2015,187,71,334
829820,17-May-15,11,7,8,"Rajiv Gandhi International Stadium, Uppal",11,bat,0,1,0,by wickets,9.0,7.0,403.0,505,503,Hyderabad,India,Sunrisers Hyderabad,SRH,Mumbai Indians,MI,2015,187,71,334
829818,17-May-15,2,6,8,M Chinnaswamy Stadium,2,field,0,0,0,No Result,0,0,0,482,520,Bangalore,India,Royal Challengers Bangalore,RCB,Delhi Daredevils,DD,2015,187,71,334
829730,15-Apr-15,4,6,8,Maharashtra Cricket Association Stadium,4,bat,0,1,0,by wickets,5.0,6.0,260.0,505,503,Pune,India,Kings XI Punjab,KXIP,Delhi Daredevils,DD,2015,187,71,334
829788,5-May-15,7,6,8,Wankhede Stadium,6,bat,0,1,0,by wickets,5.0,7.0,50.0,482,505,Mumbai,India,Mumbai Indians,MI,Delhi Daredevils,DD,2015,187,71,334
829766,7-May-15,1,6,8,Eden Gardens,1,bat,0,1,0,by runs,13.0,1.0,67.0,495,481,Kolkata,India,Kolkata Knight Riders,KKR,Delhi Daredevils,DD,2015,187,71,334
829782,3-May-15,5,6,8,Brabourne Stadium,6,field,0,1,0,by runs,14.0,5.0,85.0,482,505,Mumbai,India,Rajasthan Royals,RR,Delhi Daredevils,DD,2015,187,71,334
829712,9-Apr-15,3,6,8,"MA Chidambaram Stadium, Chepauk",6,field,0,1,0,by runs,1.0,3.0,73.0,501,496,Chennai,India,Chennai Super Kings,CSK,Delhi Daredevils,DD,2015,187,71,334
829736,18-Apr-15,11,6,8,Dr. Y.S. Rajasekhara Reddy ACA-VDCA Cricket Stadium,6,bat,0,1,0,by runs,4.0,6.0,154.0,506,489,Visakhapatnam,India,Sunrisers Hyderabad,SRH,Delhi Daredevils,DD,2015,187,71,334
829724,13-Apr-15,2,11,8,M Chinnaswamy Stadium,11,field,0,1,0,by wickets,8.0,11.0,187.0,502,501,Bangalore,India,Royal Challengers Bangalore,RCB,Sunrisers Hyderabad,SRH,2015,187,71,334
829764,27-Apr-15,4,11,8,"Punjab Cricket Association Stadium, Mohali",4,field,0,1,0,by runs,20.0,11.0,458.0,482,505,Chandigarh,India,Kings XI Punjab,KXIP,Sunrisers Hyderabad,SRH,2015,187,71,334
829798,9-May-15,6,11,8,Shaheed Veer Narayan Singh International Stadium,11,bat,0,1,0,by runs,6.0,11.0,163.0,496,489,Raipur,India,Delhi Daredevils,DD,Sunrisers Hyderabad,SRH,2015,187,71,334
829756,25-Apr-15,7,11,8,Wankhede Stadium,7,bat,0,1,0,by runs,20.0,7.0,194.0,482,505,Mumbai,India,Mumbai Indians,MI,Sunrisers Hyderabad,SRH,2015,187,71,334
829786,4-May-15,1,11,8,Eden Gardens,11,field,0,1,0,by runs,35.0,1.0,232.0,495,481,Kolkata,India,Kolkata Knight Riders,KKR,Sunrisers Hyderabad,SRH,2015,187,71,334
829792,7-May-15,5,11,8,Brabourne Stadium,5,field,0,1,0,by runs,7.0,11.0,216.0,494,499,Mumbai,India,Rajasthan Royals,RR,Sunrisers Hyderabad,SRH,2015,187,71,334
829716,11-Apr-15,3,11,8,"MA Chidambaram Stadium, Chepauk",3,bat,0,1,0,by runs,45.0,3.0,2.0,501,496,Chennai,India,Chennai Super Kings,CSK,Sunrisers Hyderabad,SRH,2015,187,71,334
829808,13-May-15,4,2,8,"Punjab Cricket Association Stadium, Mohali",2,field,0,1,0,by runs,22.0,4.0,374.0,494,499,Chandigarh,India,Kings XI Punjab,KXIP,Royal Challengers Bangalore,RCB,2015,187,71,334
829762,26-Apr-15,6,2,8,Feroz Shah Kotla,2,field,0,1,0,by wickets,10.0,2.0,296.0,481,489,Delhi,India,Delhi Daredevils,DD,Royal Challengers Bangalore,RCB,2015,187,71,334
829800,10-May-15,7,2,8,Wankhede Stadium,2,bat,0,1,0,by runs,39.0,2.0,110.0,494,499,Mumbai,India,Mumbai Indians,MI,Royal Challengers Bangalore,RCB,2015,187,71,334
829718,11-Apr-15,1,2,8,Eden Gardens,2,field,0,1,0,by wickets,3.0,2.0,162.0,489,499,Kolkata,India,Kolkata Knight Riders,KKR,Royal Challengers Bangalore,RCB,2015,187,71,334
829754,24-Apr-15,5,2,8,"Sardar Patel Stadium, Motera",2,field,0,1,0,by wickets,9.0,2.0,378.0,481,489,Ahmedabad,India,Rajasthan Royals,RR,Royal Challengers Bangalore,RCB,2015,187,71,334
829784,4-May-15,3,2,8,"MA Chidambaram Stadium, Chepauk",3,bat,0,1,0,by runs,24.0,3.0,21.0,499,503,Chennai,India,Chennai Super Kings,CSK,Royal Challengers Bangalore,RCB,2015,187,71,334
829826,22-May-15,3,2,8,JSCA International Stadium Complex,3,field,0,1,0,by wickets,3.0,3.0,73.0,495,505,Ranchi,India,Chennai Super Kings,CSK,Royal Challengers Bangalore,RCB,2015,187,71,334
829812,15-May-15,11,2,8,"Rajiv Gandhi International Stadium, Uppal",11,bat,0,1,1,by wickets,6.0,2.0,8.0,495,482,Hyderabad,India,Sunrisers Hyderabad,SRH,Royal Challengers Bangalore,RCB,2015,187,71,334
980964,2-May-16,2,1,9,M Chinnaswamy Stadium,1,field,0,1,0,by wickets,5.0,1.0,334.0,481,489,Bangalore,India,Royal Challengers Bangalore,RCB,Kolkata Knight Riders,KKR,2016,8,299,8
980930,19-Apr-16,4,1,9,"Punjab Cricket Association IS Bindra Stadium, Mohali",1,field,0,1,0,by wickets,6.0,1.0,46.0,489,499,Chandigarh,India,Kings XI Punjab,KXIP,Kolkata Knight Riders,KKR,2016,8,299,8
980956,30-Apr-16,6,1,9,Feroz Shah Kotla,1,field,0,1,0,by runs,27.0,6.0,408.0,510,481,Delhi,India,Delhi Daredevils,DD,Kolkata Knight Riders,KKR,2016,8,299,8
980952,28-Apr-16,7,1,9,Wankhede Stadium,7,field,0,1,0,by wickets,6.0,7.0,57.0,507,518,Mumbai,India,Mumbai Indians,MI,Kolkata Knight Riders,KKR,2016,8,299,8
980920,16-Apr-16,11,1,9,"Rajiv Gandhi International Stadium, Uppal",11,bat,0,1,0,by wickets,8.0,1.0,40.0,495,498,Hyderabad,India,Sunrisers Hyderabad,SRH,Kolkata Knight Riders,KKR,2016,8,299,8
981020,25-May-16,11,1,9,Feroz Shah Kotla,1,field,0,1,0,by runs,22.0,11.0,163.0,481,499,Delhi,India,Sunrisers Hyderabad,SRH,Kolkata Knight Riders,KKR,2016,8,299,8
981006,19-May-16,13,1,9,Green Park,13,field,0,1,0,by wickets,6.0,13.0,147.0,495,498,Kanpur,India,Gujarat Lions,GL,Kolkata Knight Riders,KKR,2016,8,299,8
980944,24-Apr-16,12,1,9,Maharashtra Cricket Association Stadium,1,field,0,1,0,by wickets,2.0,1.0,308.0,505,511,Pune,India,Rising Pune Supergiants,RPS,Kolkata Knight Riders,KKR,2016,8,299,8
981004,18-May-16,2,4,9,M Chinnaswamy Stadium,4,field,0,1,1,by runs,82.0,2.0,8.0,510,481,Bangalore,India,Royal Challengers Bangalore,RCB,Kings XI Punjab,KXIP,2016,8,299,8
980918,15-Apr-16,6,4,9,Feroz Shah Kotla,6,field,0,1,0,by wickets,8.0,6.0,136.0,489,499,Delhi,India,Delhi Daredevils,DD,Kings XI Punjab,KXIP,2016,8,299,8
980990,13-May-16,7,4,9,Dr. Y.S. Rajasekhara Reddy ACA-VDCA Cricket Stadium,7,bat,0,1,0,by wickets,7.0,4.0,409.0,482,498,Visakhapatnam,India,Mumbai Indians,MI,Kings XI Punjab,KXIP,2016,8,299,8
980968,4-May-16,1,4,9,Eden Gardens,4,field,0,1,0,by runs,7.0,1.0,334.0,495,482,Kolkata,India,Kolkata Knight Riders,KKR,Kings XI Punjab,KXIP,2016,8,299,8
980940,23-Apr-16,11,4,9,"Rajiv Gandhi International Stadium, Uppal",11,field,0,1,0,by wickets,5.0,11.0,460.0,495,498,Hyderabad,India,Sunrisers Hyderabad,SRH,Kings XI Punjab,KXIP,2016,8,299,8
980960,1-May-16,13,4,9,Saurashtra Cricket Association Stadium,13,field,0,1,0,by runs,23.0,4.0,374.0,497,521,Rajkot,India,Gujarat Lions,GL,Kings XI Punjab,KXIP,2016,8,299,8
981010,21-May-16,12,4,9,Dr. Y.S. Rajasekhara Reddy ACA-VDCA Cricket Stadium,4,bat,0,1,0,by wickets,4.0,12.0,20.0,482,507,Visakhapatnam,India,Rising Pune Supergiants,RPS,Kings XI Punjab,KXIP,2016,8,299,8
980986,11-May-16,2,7,9,M Chinnaswamy Stadium,7,field,0,1,0,by wickets,6.0,7.0,413.0,509,499,Bangalore,India,Royal Challengers Bangalore,RCB,Mumbai Indians,MI,2016,8,299,8
980946,25-Apr-16,4,7,9,"Punjab Cricket Association IS Bindra Stadium, Mohali",4,field,0,1,0,by runs,25.0,7.0,17.0,507,518,Chandigarh,India,Kings XI Punjab,KXIP,Mumbai Indians,MI,2016,8,299,8
980938,23-Apr-16,6,7,9,Feroz Shah Kotla,7,field,0,1,0,by runs,10.0,6.0,351.0,489,499,Delhi,India,Delhi Daredevils,DD,Mumbai Indians,MI,2016,8,299,8
980914,13-Apr-16,1,7,9,Eden Gardens,7,field,0,1,0,by wickets,6.0,7.0,57.0,507,489,Kolkata,India,Kolkata Knight Riders,KKR,Mumbai Indians,MI,2016,8,299,8
980928,18-Apr-16,11,7,9,"Rajiv Gandhi International Stadium, Uppal",11,field,0,1,0,by wickets,7.0,11.0,187.0,482,521,Hyderabad,India,Sunrisers Hyderabad,SRH,Mumbai Indians,MI,2016,8,299,8
981012,21-May-16,13,7,9,Green Park,13,field,0,1,0,by wickets,6.0,13.0,21.0,495,498,Kanpur,India,Gujarat Lions,GL,Mumbai Indians,MI,2016,8,299,8
980962,1-May-16,12,7,9,Maharashtra Cricket Association Stadium,7,field,0,1,0,by wickets,8.0,7.0,57.0,509,518,Pune,India,Rising Pune Supergiants,RPS,Mumbai Indians,MI,2016,8,299,8
980926,17-Apr-16,2,6,9,M Chinnaswamy Stadium,6,field,0,1,0,by wickets,7.0,6.0,355.0,496,511,Bangalore,India,Royal Challengers Bangalore,RCB,Delhi Daredevils,DD,2016,8,299,8
980976,7-May-16,4,6,9,"Punjab Cricket Association IS Bindra Stadium, Mohali",6,field,0,1,0,by runs,9.0,4.0,409.0,482,498,Chandigarh,India,Kings XI Punjab,KXIP,Delhi Daredevils,DD,2016,8,299,8
980998,15-May-16,7,6,9,Dr. Y.S. Rajasekhara Reddy ACA-VDCA Cricket Stadium,6,field,0,1,0,by runs,80.0,7.0,413.0,507,498,Visakhapatnam,India,Mumbai Indians,MI,Delhi Daredevils,DD,2016,8,299,8
980908,10-Apr-16,1,6,9,Eden Gardens,1,field,0,1,0,by wickets,9.0,1.0,334.0,489,499,Kolkata,India,Kolkata Knight Riders,KKR,Delhi Daredevils,DD,2016,8,299,8
980988,12-May-16,11,6,9,"Rajiv Gandhi International Stadium, Uppal",6,field,0,1,0,by wickets,7.0,6.0,350.0,508,481,Hyderabad,India,Sunrisers Hyderabad,SRH,Delhi Daredevils,DD,2016,8,299,8
980966,3-May-16,13,6,9,Saurashtra Cricket Association Stadium,6,field,0,1,0,by wickets,8.0,6.0,420.0,505,497,Rajkot,India,Gujarat Lions,GL,Delhi Daredevils,DD,2016,8,299,8
981002,17-May-16,12,6,9,Dr. Y.S. Rajasekhara Reddy ACA-VDCA Cricket Stadium,12,field,0,1,1,by runs,19.0,12.0,106.0,507,499,Visakhapatnam,India,Rising Pune Supergiants,RPS,Delhi Daredevils,DD,2016,8,299,8
980912,12-Apr-16,2,11,9,M Chinnaswamy Stadium,11,field,0,1,0,by runs,45.0,2.0,110.0,482,521,Bangalore,India,Royal Challengers Bangalore,RCB,Sunrisers Hyderabad,SRH,2016,8,299,8
981024,29-May-16,2,11,9,M Chinnaswamy Stadium,11,bat,0,1,0,by runs,8.0,11.0,385.0,482,497,Bangalore,India,Royal Challengers Bangalore,RCB,Sunrisers Hyderabad,SRH,2016,8,299,8
980996,15-May-16,4,11,9,"Punjab Cricket Association IS Bindra Stadium, Mohali",4,bat,0,1,0,by wickets,7.0,11.0,427.0,510,481,Chandigarh,India,Kings XI Punjab,KXIP,Sunrisers Hyderabad,SRH,2016,8,299,8
981008,20-May-16,6,11,9,Shaheed Veer Narayan Singh International Stadium,6,field,0,1,0,by wickets,6.0,6.0,339.0,511,497,Raipur,India,Delhi Daredevils,DD,Sunrisers Hyderabad,SRH,2016,8,299,8
980978,8-May-16,7,11,9,Dr. Y.S. Rajasekhara Reddy ACA-VDCA Cricket Stadium,7,field,0,1,0,by runs,85.0,11.0,73.0,489,499,Visakhapatnam,India,Mumbai Indians,MI,Sunrisers Hyderabad,SRH,2016,8,299,8
981014,22-May-16,1,11,9,Eden Gardens,11,field,0,1,0,by runs,22.0,1.0,31.0,510,481,Kolkata,India,Kolkata Knight Riders,KKR,Sunrisers Hyderabad,SRH,2016,8,299,8
980934,21-Apr-16,13,11,9,Saurashtra Cricket Association Stadium,11,field,0,1,0,by wickets,10.0,11.0,299.0,508,482,Rajkot,India,Gujarat Lions,GL,Sunrisers Hyderabad,SRH,2016,8,299,8
981022,27-May-16,13,11,9,Feroz Shah Kotla,11,field,0,1,0,by wickets,4.0,11.0,187.0,481,498,Delhi,India,Gujarat Lions,GL,Sunrisers Hyderabad,SRH,2016,8,299,8
980984,10-May-16,12,11,9,Dr. Y.S. Rajasekhara Reddy ACA-VDCA Cricket Stadium,11,bat,0,1,0,by runs,4.0,11.0,430.0,505,521,Visakhapatnam,India,Rising Pune Supergiants,RPS,Sunrisers Hyderabad,SRH,2016,8,299,8
980974,7-May-16,2,12,9,M Chinnaswamy Stadium,2,field,0,1,0,by wickets,7.0,2.0,8.0,505,497,Bangalore,India,Royal Challengers Bangalore,RCB,Rising Pune Supergiants,RPS,2016,8,299,8
980924,17-Apr-16,4,12,9,"Punjab Cricket Association IS Bindra Stadium, Mohali",12,bat,0,1,0,by wickets,6.0,4.0,345.0,489,499,Chandigarh,India,Kings XI Punjab,KXIP,Rising Pune Supergiants,RPS,2016,8,299,8
980970,5-May-16,6,12,9,Feroz Shah Kotla,12,field,0,1,0,by wickets,7.0,12.0,85.0,499,518,Delhi,India,Delhi Daredevils,DD,Rising Pune Supergiants,RPS,2016,8,299,8
980906,9-Apr-16,7,12,9,Wankhede Stadium,7,bat,0,1,0,by wickets,9.0,12.0,85.0,482,498,Mumbai,India,Mumbai Indians,MI,Rising Pune Supergiants,RPS,2016,8,299,8
980994,14-May-16,1,12,9,Eden Gardens,12,bat,0,1,1,by wickets,8.0,1.0,31.0,511,497,Kolkata,India,Kolkata Knight Riders,KKR,Rising Pune Supergiants,RPS,2016,8,299,8
980948,26-Apr-16,11,12,9,"Rajiv Gandhi International Stadium, Uppal",12,field,0,1,1,by runs,34.0,12.0,106.0,509,498,Hyderabad,India,Sunrisers Hyderabad,SRH,Rising Pune Supergiants,RPS,2016,8,299,8
980916,14-Apr-16,13,12,9,Saurashtra Cricket Association Stadium,12,bat,0,1,0,by wickets,7.0,13.0,254.0,496,498,Rajkot,India,Gujarat Lions,GL,Rising Pune Supergiants,RPS,2016,8,299,8
980992,14-May-16,2,13,9,M Chinnaswamy Stadium,13,field,0,1,0,by runs,144.0,2.0,110.0,509,521,Bangalore,India,Royal Challengers Bangalore,RCB,Gujarat Lions,GL,2016,8,299,8
980910,11-Apr-16,4,13,9,"Punjab Cricket Association IS Bindra Stadium, Mohali",13,field,0,1,0,by wickets,5.0,13.0,254.0,495,496,Chandigarh,India,Kings XI Punjab,KXIP,Gujarat Lions,GL,2016,8,299,8
980950,27-Apr-16,6,13,9,Feroz Shah Kotla,6,field,0,1,0,by runs,1.0,13.0,350.0,481,489,Delhi,India,Delhi Daredevils,DD,Gujarat Lions,GL,2016,8,299,8
980922,16-Apr-16,7,13,9,Wankhede Stadium,13,field,0,1,0,by wickets,3.0,13.0,254.0,482,521,Mumbai,India,Mumbai Indians,MI,Gujarat Lions,GL,2016,8,299,8
980980,8-May-16,1,13,9,Eden Gardens,13,field,0,1,0,by wickets,5.0,13.0,14.0,481,518,Kolkata,India,Kolkata Knight Riders,KKR,Gujarat Lions,GL,2016,8,299,8
980972,6-May-16,11,13,9,"Rajiv Gandhi International Stadium, Uppal",11,field,0,1,0,by wickets,5.0,11.0,299.0,481,489,Hyderabad,India,Sunrisers Hyderabad,SRH,Gujarat Lions,GL,2016,8,299,8
980954,29-Apr-16,12,13,9,Maharashtra Cricket Association Stadium,13,field,0,1,0,by wickets,3.0,13.0,147.0,505,497,Pune,India,Rising Pune Supergiants,RPS,Gujarat Lions,GL,2016,8,299,8
980982,9-May-16,4,2,9,"Punjab Cricket Association IS Bindra Stadium, Mohali",4,field,0,1,0,by runs,1.0,2.0,32.0,495,482,Chandigarh,India,Kings XI Punjab,KXIP,Royal Challengers Bangalore,RCB,2016,8,299,8
981016,22-May-16,6,2,9,Shaheed Veer Narayan Singh International Stadium,2,field,0,1,0,by wickets,6.0,2.0,8.0,511,497,Raipur,India,Delhi Daredevils,DD,Royal Challengers Bangalore,RCB,2016,8,299,8
980932,20-Apr-16,7,2,9,Wankhede Stadium,7,field,0,1,0,by wickets,6.0,7.0,57.0,495,498,Mumbai,India,Mumbai Indians,MI,Royal Challengers Bangalore,RCB,2016,8,299,8
981000,16-May-16,1,2,9,Eden Gardens,2,field,0,1,0,by wickets,9.0,2.0,8.0,505,511,Kolkata,India,Kolkata Knight Riders,KKR,Royal Challengers Bangalore,RCB,2016,8,299,8
980958,30-Apr-16,11,2,9,"Rajiv Gandhi International Stadium, Uppal",2,field,0,1,0,by runs,15.0,11.0,187.0,495,482,Hyderabad,India,Sunrisers Hyderabad,SRH,Royal Challengers Bangalore,RCB,2016,8,299,8
980942,24-Apr-16,13,2,9,Saurashtra Cricket Association Stadium,2,bat,0,1,0,by wickets,6.0,13.0,8.0,508,497,Rajkot,India,Gujarat Lions,GL,Royal Challengers Bangalore,RCB,2016,8,299,8
981018,24-May-16,13,2,9,M Chinnaswamy Stadium,2,field,0,1,0,by wickets,4.0,2.0,110.0,495,482,Bangalore,India,Gujarat Lions,GL,Royal Challengers Bangalore,RCB,2016,8,299,8
980936,22-Apr-16,12,2,9,Maharashtra Cricket Association Stadium,12,field,0,1,0,by runs,13.0,2.0,110.0,505,521,Pune,India,Rising Pune Supergiants,RPS,Royal Challengers Bangalore,RCB,2016,8,299,8
